time,applicant_id,stage
1480007505,0,APPLIED
1480011623,0,SCREENED
1480016993,0,REJECTED_1
1437511796,1,APPLIED
1437519513,1,SCREENED
1437526662,1,INTERVIEWED
1437529708,1,GIVEN_OFFER
1437531497,1,HIRED
1457113562,2,APPLIED
1457117790,2,SCREENED
1457123141,2,INTERVIEWED
1457125711,2,GIVEN_OFFER
1457128113,2,DECLINED
1477842706,3,APPLIED
1477849189,3,SCREENED
1477856881,3,INTERVIEWED
1477866142,3,GIVEN_OFFER
1477867965,3,HIRED
1475891819,4,APPLIED
1475901787,4,SCREENED
1475908423,4,INTERVIEWED
1475916214,4,GIVEN_OFFER
1475923691,4,HIRED
1476870135,5,APPLIED
1476874669,5,SCREENED
1476880660,5,INTERVIEWED
1476883233,5,GIVEN_OFFER
1476888071,5,DECLINED
1436323299,6,APPLIED
1436330418,6,SCREENED
1436334857,6,INTERVIEWED
1436335907,6,GIVEN_OFFER
1436340114,6,HIRED
1449818636,7,APPLIED
1449819975,7,SCREENED
1449824505,7,INTERVIEWED
1449828073,7,GIVEN_OFFER
1449831620,7,HIRED
1476362283,8,APPLIED
1476370942,8,SCREENED
1476378260,8,INTERVIEWED
1476386938,8,GIVEN_OFFER
1476388243,8,DECLINED
1432004347,9,APPLIED
1432009667,9,SCREENED
1432017662,9,INTERVIEWED
1432018778,9,REJECTED_2
1442632617,10,APPLIED
1442635406,10,SCREENED
1442643154,10,INTERVIEWED
1442649167,10,GIVEN_OFFER
1442658556,10,DECLINED
1405694692,11,APPLIED
1405700686,11,SCREENED
1417038002,12,APPLIED
1417043489,12,SCREENED
1417044916,12,REJECTED_1
1430081279,13,APPLIED
1430088430,13,SCREENED
1430095590,13,INTERVIEWED
1454127173,14,APPLIED
1454134067,14,SCREENED
1454135762,14,INTERVIEWED
1481326294,15,APPLIED
1405685757,16,APPLIED
1405692368,16,SCREENED
1405695981,16,INTERVIEWED
1405697737,16,GIVEN_OFFER
1405701671,16,DECLINED
1472018068,17,APPLIED
1472021391,17,SCREENED
1472030009,17,INTERVIEWED
1472036481,17,REJECTED_2
1451997638,18,APPLIED
1452007536,18,SCREENED
1452014331,18,INTERVIEWED
1452015652,18,REJECTED_2
1460024240,19,APPLIED
1460028215,19,SCREENED
1460029704,19,REJECTED_1
1437435358,20,APPLIED
1473567051,21,APPLIED
1473572518,21,SCREENED
1473576260,21,INTERVIEWED
1477076613,22,APPLIED
1477082176,22,SCREENED
1477089143,22,INTERVIEWED
1477095923,22,GIVEN_OFFER
1477102053,22,DECLINED
1469989828,23,APPLIED
1469994697,23,SCREENED
1470001724,23,INTERVIEWED
1423641702,24,APPLIED
1423643012,24,SCREENED
1423647172,24,INTERVIEWED
1423654387,24,GIVEN_OFFER
1423663909,24,DECLINED
1419996083,25,APPLIED
1419999932,25,SCREENED
1420003185,25,REJECTED_1
1472093296,26,APPLIED
1472099447,26,SCREENED
1472106209,26,INTERVIEWED
1472109656,26,GIVEN_OFFER
1421232296,27,APPLIED
1421240886,27,SCREENED
1421246191,27,INTERVIEWED
1421252640,27,GIVEN_OFFER
1474709236,28,APPLIED
1474711915,28,SCREENED
1474715770,28,INTERVIEWED
1474718639,28,GIVEN_OFFER
1418554598,29,APPLIED
1418563321,29,SCREENED
1418569968,29,INTERVIEWED
1418571769,29,GIVEN_OFFER
1418574905,29,HIRED
1459828840,30,APPLIED
1468235409,31,APPLIED
1468238351,31,SCREENED
1468241915,31,INTERVIEWED
1475804236,32,APPLIED
1475805960,32,SCREENED
1475815109,32,INTERVIEWED
1475824492,32,REJECTED_2
1428363889,33,APPLIED
1428369556,33,SCREENED
1428372049,33,REJECTED_1
1411721499,34,APPLIED
1411730775,34,SCREENED
1411732527,34,INTERVIEWED
1411736272,34,REJECTED_2
1466141641,35,APPLIED
1466147263,35,SCREENED
1466149249,35,INTERVIEWED
1466158165,35,GIVEN_OFFER
1427660443,36,APPLIED
1427663194,36,SCREENED
1427670717,36,INTERVIEWED
1427675116,36,GIVEN_OFFER
1427678679,36,HIRED
1450386386,37,APPLIED
1450391979,37,SCREENED
1450400241,37,INTERVIEWED
1450409601,37,GIVEN_OFFER
1450415040,37,HIRED
1479428023,38,APPLIED
1479430271,38,SCREENED
1479432475,38,INTERVIEWED
1466165755,39,APPLIED
1466169087,39,SCREENED
1466178647,39,INTERVIEWED
1433115314,40,APPLIED
1433119594,40,SCREENED
1433121360,40,REJECTED_1
1412290928,41,APPLIED
1412294287,41,SCREENED
1412297985,41,INTERVIEWED
1443959174,42,APPLIED
1443969117,42,SCREENED
1443977082,42,REJECTED_1
1446787333,43,APPLIED
1446794644,43,SCREENED
1446797888,43,REJECTED_1
1428665915,44,APPLIED
1428673688,44,SCREENED
1428682691,44,INTERVIEWED
1428684485,44,GIVEN_OFFER
1450988272,45,APPLIED
1450992358,45,SCREENED
1450994306,45,INTERVIEWED
1450996304,45,GIVEN_OFFER
1440356289,46,APPLIED
1440364744,46,SCREENED
1440366191,46,REJECTED_1
1461583494,47,APPLIED
1461588828,47,SCREENED
1461595501,47,INTERVIEWED
1461597601,47,GIVEN_OFFER
1420653043,48,APPLIED
1420656377,48,SCREENED
1420665008,48,INTERVIEWED
1457717832,49,APPLIED
1408668639,50,APPLIED
1428661829,51,APPLIED
1446660998,52,APPLIED
1446666574,52,SCREENED
1446669361,52,INTERVIEWED
1446676087,52,REJECTED_2
1454519455,53,APPLIED
1454527866,53,SCREENED
1454529700,53,INTERVIEWED
1420527476,54,APPLIED
1420528673,54,SCREENED
1420532889,54,INTERVIEWED
1434285221,55,APPLIED
1434288796,55,SCREENED
1434295700,55,INTERVIEWED
1434304484,55,GIVEN_OFFER
1435811503,56,APPLIED
1455734837,57,APPLIED
1455740641,57,SCREENED
1455749357,57,INTERVIEWED
1455758552,57,GIVEN_OFFER
1455763018,57,DECLINED
1463165373,58,APPLIED
1463169782,58,SCREENED
1463178569,58,REJECTED_1
1438355973,59,APPLIED
1438359615,59,SCREENED
1473570765,60,APPLIED
1473575166,60,SCREENED
1473584944,60,INTERVIEWED
1473593966,60,REJECTED_2
1447477611,61,APPLIED
1452820097,62,APPLIED
1452827554,62,SCREENED
1452834473,62,INTERVIEWED
1452841947,62,GIVEN_OFFER
1452851420,62,HIRED
1423607985,63,APPLIED
1423614512,63,SCREENED
1423624318,63,REJECTED_1
1481074218,64,APPLIED
1481084208,64,SCREENED
1481092561,64,INTERVIEWED
1481093795,64,GIVEN_OFFER
1481102129,64,HIRED
1424275773,65,APPLIED
1424279786,65,SCREENED
1424288232,65,REJECTED_1
1473890465,66,APPLIED
1473898652,66,SCREENED
1473900002,66,INTERVIEWED
1473903735,66,GIVEN_OFFER
1473911926,66,DECLINED
1437621640,67,APPLIED
1437629348,67,SCREENED
1437635196,67,INTERVIEWED
1437636328,67,GIVEN_OFFER
1437639889,67,HIRED
1410024287,68,APPLIED
1410028539,68,SCREENED
1410031858,68,INTERVIEWED
1410034868,68,GIVEN_OFFER
1410037033,68,DECLINED
1410951830,69,APPLIED
1410958371,69,SCREENED
1410960452,69,INTERVIEWED
1410969235,69,REJECTED_2
1455284844,70,APPLIED
1455286258,70,SCREENED
1455291997,70,INTERVIEWED
1455294398,70,GIVEN_OFFER
1455301683,70,DECLINED
1462776556,71,APPLIED
1462784993,71,SCREENED
1462790677,71,INTERVIEWED
1462796474,71,REJECTED_2
1454030791,72,APPLIED
1454038072,72,SCREENED
1454047130,72,INTERVIEWED
1454051550,72,REJECTED_2
1438834251,73,APPLIED
1438837999,73,SCREENED
1429273035,74,APPLIED
1429278344,74,SCREENED
1429282746,74,INTERVIEWED
1466572188,75,APPLIED
1466582160,75,SCREENED
1466585502,75,INTERVIEWED
1481390360,76,APPLIED
1481394328,76,SCREENED
1475215668,77,APPLIED
1411002771,78,APPLIED
1411010478,78,SCREENED
1411020183,78,INTERVIEWED
1411022830,78,GIVEN_OFFER
1411032217,78,HIRED
1409650573,79,APPLIED
1409655811,79,SCREENED
1430679667,80,APPLIED
1430683590,80,SCREENED
1430692030,80,INTERVIEWED
1430693305,80,GIVEN_OFFER
1430701035,80,DECLINED
1408065550,81,APPLIED
1408071719,81,SCREENED
1408074284,81,INTERVIEWED
1408079474,81,GIVEN_OFFER
1408089467,81,HIRED
1405544038,82,APPLIED
1405552856,82,SCREENED
1405561172,82,INTERVIEWED
1405568829,82,GIVEN_OFFER
1470485759,83,APPLIED
1470489323,83,SCREENED
1470497725,83,INTERVIEWED
1470499611,83,GIVEN_OFFER
1470503251,83,HIRED
1475446370,84,APPLIED
1475456011,84,SCREENED
1475458057,84,INTERVIEWED
1439272032,85,APPLIED
1439273969,85,SCREENED
1439279672,85,INTERVIEWED
1439284633,85,GIVEN_OFFER
1439292486,85,DECLINED
1444508466,86,APPLIED
1444516334,86,SCREENED
1444517921,86,INTERVIEWED
1444524838,86,REJECTED_2
1435908159,87,APPLIED
1435911440,87,SCREENED
1435913172,87,INTERVIEWED
1435921999,87,REJECTED_2
1409025229,88,APPLIED
1409028060,88,SCREENED
1409033694,88,REJECTED_1
1420993913,89,APPLIED
1421000084,89,SCREENED
1421007826,89,INTERVIEWED
1421009262,89,GIVEN_OFFER
1421013346,89,DECLINED
1425025756,90,APPLIED
1425027747,90,SCREENED
1425034356,90,INTERVIEWED
1425035452,90,GIVEN_OFFER
1425040388,90,DECLINED
1446255407,91,APPLIED
1460285680,92,APPLIED
1416377151,93,APPLIED
1471141443,94,APPLIED
1471147706,94,SCREENED
1471155051,94,INTERVIEWED
1471156294,94,GIVEN_OFFER
1419596984,95,APPLIED
1480646298,96,APPLIED
1480651407,96,SCREENED
1480653744,96,REJECTED_1
1479166796,97,APPLIED
1479176363,97,SCREENED
1479186050,97,INTERVIEWED
1479196005,97,GIVEN_OFFER
1479205785,97,HIRED
1455869941,98,APPLIED
1455875434,98,SCREENED
1455883039,98,INTERVIEWED
1455892347,98,REJECTED_2
1449779884,99,APPLIED
1449785627,99,SCREENED
1449790507,99,INTERVIEWED
1449795970,99,GIVEN_OFFER
1449798701,99,HIRED
1433266491,100,APPLIED
1433268357,100,SCREENED
1449564077,101,APPLIED
1449571042,101,SCREENED
1449572372,101,INTERVIEWED
1449580530,101,GIVEN_OFFER
1449582256,101,DECLINED
1470983535,102,APPLIED
1470989031,102,SCREENED
1470998249,102,INTERVIEWED
1471000128,102,GIVEN_OFFER
1471009901,102,DECLINED
1426739451,103,APPLIED
1426747108,103,SCREENED
1448950283,104,APPLIED
1448955260,104,SCREENED
1448961024,104,INTERVIEWED
1448970927,104,GIVEN_OFFER
1448980391,104,HIRED
1409935828,105,APPLIED
1478264080,106,APPLIED
1478269593,106,SCREENED
1478279442,106,INTERVIEWED
1432890504,107,APPLIED
1432899468,107,SCREENED
1432908824,107,REJECTED_1
1435335610,108,APPLIED
1435345453,108,SCREENED
1435351242,108,REJECTED_1
1467516633,109,APPLIED
1467519000,109,SCREENED
1467527976,109,INTERVIEWED
1467534038,109,GIVEN_OFFER
1467536430,109,HIRED
1480474060,110,APPLIED
1449991792,111,APPLIED
1449998925,111,SCREENED
1450001852,111,INTERVIEWED
1450003828,111,GIVEN_OFFER
1450012995,111,DECLINED
1407114292,112,APPLIED
1407123775,112,SCREENED
1407126606,112,INTERVIEWED
1407131733,112,GIVEN_OFFER
1467192482,113,APPLIED
1480006386,114,APPLIED
1471237829,115,APPLIED
1471247104,115,SCREENED
1471251705,115,INTERVIEWED
1471257661,115,GIVEN_OFFER
1475114372,116,APPLIED
1407025545,117,APPLIED
1407032886,117,SCREENED
1407036819,117,INTERVIEWED
1407038483,117,GIVEN_OFFER
1477922103,118,APPLIED
1477926451,118,SCREENED
1477932645,118,INTERVIEWED
1477935063,118,REJECTED_2
1466717788,119,APPLIED
1466721572,119,SCREENED
1466723383,119,INTERVIEWED
1423062889,120,APPLIED
1423068288,120,SCREENED
1423073135,120,INTERVIEWED
1423082742,120,GIVEN_OFFER
1423091793,120,DECLINED
1447842246,121,APPLIED
1447846397,121,SCREENED
1447850513,121,REJECTED_1
1451766778,122,APPLIED
1451775747,122,SCREENED
1451782332,122,REJECTED_1
1459676787,123,APPLIED
1474387859,124,APPLIED
1474390252,124,SCREENED
1474397264,124,INTERVIEWED
1474401391,124,GIVEN_OFFER
1474409120,124,HIRED
1466175492,125,APPLIED
1466179911,125,SCREENED
1466182858,125,INTERVIEWED
1466188182,125,GIVEN_OFFER
1433735632,126,APPLIED
1433744116,126,SCREENED
1433745344,126,INTERVIEWED
1434024259,127,APPLIED
1434025444,127,SCREENED
1434028715,127,INTERVIEWED
1434030149,127,GIVEN_OFFER
1434033323,127,HIRED
1438728520,128,APPLIED
1438736862,128,SCREENED
1474324600,129,APPLIED
1444341244,130,APPLIED
1444345393,130,SCREENED
1444351294,130,INTERVIEWED
1427458267,131,APPLIED
1427464693,131,SCREENED
1410482115,132,APPLIED
1410487834,132,SCREENED
1410496476,132,INTERVIEWED
1410505712,132,REJECTED_2
1410491622,133,APPLIED
1410497111,133,SCREENED
1410506868,133,INTERVIEWED
1410515968,133,GIVEN_OFFER
1410523657,133,DECLINED
1461812570,134,APPLIED
1461814254,134,SCREENED
1461820044,134,INTERVIEWED
1414095648,135,APPLIED
1467905938,136,APPLIED
1447811933,137,APPLIED
1447813658,137,SCREENED
1451830584,138,APPLIED
1451837615,138,SCREENED
1451842133,138,INTERVIEWED
1450246224,139,APPLIED
1450251126,139,SCREENED
1450257115,139,INTERVIEWED
1450266626,139,GIVEN_OFFER
1450275594,139,HIRED
1436966213,140,APPLIED
1436974578,140,SCREENED
1436982598,140,INTERVIEWED
1436984632,140,REJECTED_2
1422986147,141,APPLIED
1422990456,141,SCREENED
1422995745,141,INTERVIEWED
1443913010,142,APPLIED
1443914651,142,SCREENED
1443915846,142,INTERVIEWED
1443917156,142,GIVEN_OFFER
1443927001,142,DECLINED
1414310234,143,APPLIED
1414316751,143,SCREENED
1414318730,143,INTERVIEWED
1414322209,143,GIVEN_OFFER
1472965340,144,APPLIED
1472972625,144,SCREENED
1472978166,144,INTERVIEWED
1472979368,144,REJECTED_2
1439045175,145,APPLIED
1439047667,145,SCREENED
1439053723,145,INTERVIEWED
1439057717,145,GIVEN_OFFER
1431364227,146,APPLIED
1442661429,147,APPLIED
1442670324,147,SCREENED
1427961097,148,APPLIED
1427969011,148,SCREENED
1427972463,148,INTERVIEWED
1427974834,148,GIVEN_OFFER
1474152779,149,APPLIED
1474156805,149,SCREENED
1474165776,149,INTERVIEWED
1474175651,149,GIVEN_OFFER
1445773376,150,APPLIED
1445780124,150,SCREENED
1445786147,150,INTERVIEWED
1445788194,150,GIVEN_OFFER
1445797753,150,HIRED
1414019967,151,APPLIED
1414026598,151,SCREENED
1414036279,151,INTERVIEWED
1475752065,152,APPLIED
1475755952,152,SCREENED
1475763869,152,INTERVIEWED
1458416343,153,APPLIED
1458422336,153,SCREENED
1458430183,153,INTERVIEWED
1458434987,153,GIVEN_OFFER
1458437252,153,HIRED
1420086815,154,APPLIED
1420089032,154,SCREENED
1420096044,154,INTERVIEWED
1420102965,154,GIVEN_OFFER
1446976850,155,APPLIED
1446981782,155,SCREENED
1446990828,155,INTERVIEWED
1446993752,155,REJECTED_2
1439180007,156,APPLIED
1439187075,156,SCREENED
1439193499,156,REJECTED_1
1466993886,157,APPLIED
1421599072,158,APPLIED
1421600357,158,SCREENED
1421604144,158,REJECTED_1
1450539267,159,APPLIED
1450546160,159,SCREENED
1450554860,159,INTERVIEWED
1451207313,160,APPLIED
1451217143,160,SCREENED
1451222773,160,INTERVIEWED
1451223819,160,GIVEN_OFFER
1451226200,160,DECLINED
1480437969,161,APPLIED
1480443554,161,SCREENED
1480453520,161,INTERVIEWED
1480458172,161,GIVEN_OFFER
1480463667,161,HIRED
1440224236,162,APPLIED
1423160390,163,APPLIED
1460406026,164,APPLIED
1460410303,164,SCREENED
1460415754,164,INTERVIEWED
1460423514,164,GIVEN_OFFER
1461776049,165,APPLIED
1461781225,165,SCREENED
1461789821,165,REJECTED_1
1448166519,166,APPLIED
1448169786,166,SCREENED
1448175675,166,INTERVIEWED
1448185262,166,GIVEN_OFFER
1448189122,166,HIRED
1429025688,167,APPLIED
1429029896,167,SCREENED
1429031237,167,REJECTED_1
1420381603,168,APPLIED
1420388977,168,SCREENED
1420392911,168,INTERVIEWED
1420395069,168,GIVEN_OFFER
1420403911,168,DECLINED
1478756212,169,APPLIED
1478757370,169,SCREENED
1478765803,169,INTERVIEWED
1478774382,169,GIVEN_OFFER
1478777910,169,DECLINED
1418711867,170,APPLIED
1418715738,170,SCREENED
1418718451,170,INTERVIEWED
1418725615,170,GIVEN_OFFER
1418727572,170,HIRED
1416360640,171,APPLIED
1416366718,171,SCREENED
1416368607,171,INTERVIEWED
1416369701,171,GIVEN_OFFER
1416377567,171,DECLINED
1431968943,172,APPLIED
1431974087,172,SCREENED
1431977330,172,INTERVIEWED
1431984695,172,GIVEN_OFFER
1431991870,172,HIRED
1416612103,173,APPLIED
1409150403,174,APPLIED
1456522189,175,APPLIED
1456532158,175,SCREENED
1456534143,175,REJECTED_1
1441899425,176,APPLIED
1441904652,176,SCREENED
1441906731,176,INTERVIEWED
1441916360,176,GIVEN_OFFER
1441924353,176,HIRED
1465678709,177,APPLIED
1465681921,177,SCREENED
1465684036,177,INTERVIEWED
1458453873,178,APPLIED
1458457333,178,SCREENED
1458465140,178,INTERVIEWED
1415912844,179,APPLIED
1415916346,179,SCREENED
1415923779,179,INTERVIEWED
1415929294,179,GIVEN_OFFER
1422435003,180,APPLIED
1422436750,180,SCREENED
1426653631,181,APPLIED
1426662847,181,SCREENED
1426664613,181,REJECTED_1
1405366658,182,APPLIED
1405370945,182,SCREENED
1405373606,182,INTERVIEWED
1405380965,182,GIVEN_OFFER
1405382420,182,DECLINED
1446436636,183,APPLIED
1446442795,183,SCREENED
1446448039,183,INTERVIEWED
1443876643,184,APPLIED
1409575425,185,APPLIED
1409578383,185,SCREENED
1409587640,185,INTERVIEWED
1409596457,185,GIVEN_OFFER
1409599079,185,HIRED
1465883566,186,APPLIED
1465893537,186,SCREENED
1465895815,186,INTERVIEWED
1465899542,186,REJECTED_2
1442485860,187,APPLIED
1442494301,187,SCREENED
1442499617,187,INTERVIEWED
1442503052,187,GIVEN_OFFER
1442512030,187,HIRED
1465564195,188,APPLIED
1465572359,188,SCREENED
1465255583,189,APPLIED
1465264776,189,SCREENED
1465266542,189,INTERVIEWED
1465270945,189,GIVEN_OFFER
1465276853,189,DECLINED
1468657020,190,APPLIED
1424478451,191,APPLIED
1424483405,191,SCREENED
1424489542,191,INTERVIEWED
1424496861,191,GIVEN_OFFER
1435833419,192,APPLIED
1435836351,192,SCREENED
1435841893,192,INTERVIEWED
1435843282,192,GIVEN_OFFER
1435850630,192,DECLINED
1443269902,193,APPLIED
1476868942,194,APPLIED
1476875215,194,SCREENED
1476883138,194,INTERVIEWED
1476885814,194,GIVEN_OFFER
1476894924,194,DECLINED
1466392592,195,APPLIED
1466401952,195,SCREENED
1466408883,195,INTERVIEWED
1466411523,195,GIVEN_OFFER
1441168619,196,APPLIED
1441173337,196,SCREENED
1441179882,196,REJECTED_1
1445782041,197,APPLIED
1445784258,197,SCREENED
1448373794,198,APPLIED
1405707115,199,APPLIED
1405709837,199,SCREENED
1405714166,199,INTERVIEWED
1405723285,199,REJECTED_2
1477228203,200,APPLIED
1477232983,200,SCREENED
1477236252,200,INTERVIEWED
1477240201,200,GIVEN_OFFER
1477245369,200,HIRED
1458621337,201,APPLIED
1458627038,201,SCREENED
1414033181,202,APPLIED
1414042749,202,SCREENED
1414048984,202,INTERVIEWED
1414051421,202,GIVEN_OFFER
1448884249,203,APPLIED
1448886815,203,SCREENED
1448888817,203,REJECTED_1
1432747812,204,APPLIED
1446949548,205,APPLIED
1446956267,205,SCREENED
1446960884,205,INTERVIEWED
1446964039,205,GIVEN_OFFER
1476538319,206,APPLIED
1476545938,206,SCREENED
1476549421,206,INTERVIEWED
1476557707,206,REJECTED_2
1441868698,207,APPLIED
1441870303,207,SCREENED
1441878130,207,REJECTED_1
1412922783,208,APPLIED
1412929693,208,SCREENED
1412939628,208,INTERVIEWED
1412942931,208,GIVEN_OFFER
1417394325,209,APPLIED
1417396788,209,SCREENED
1417405561,209,REJECTED_1
1453342320,210,APPLIED
1453344774,210,SCREENED
1453353512,210,INTERVIEWED
1434945909,211,APPLIED
1434950725,211,SCREENED
1434952140,211,INTERVIEWED
1434953430,211,GIVEN_OFFER
1434962204,211,HIRED
1473684593,212,APPLIED
1473688330,212,SCREENED
1473697078,212,INTERVIEWED
1473700509,212,GIVEN_OFFER
1473703245,212,DECLINED
1413773483,213,APPLIED
1413780688,213,SCREENED
1413787502,213,INTERVIEWED
1413796483,213,GIVEN_OFFER
1413799180,213,DECLINED
1413504828,214,APPLIED
1413507000,214,SCREENED
1413509798,214,INTERVIEWED
1437494583,215,APPLIED
1437502117,215,SCREENED
1437510304,215,INTERVIEWED
1437512057,215,REJECTED_2
1435643217,216,APPLIED
1435646731,216,SCREENED
1435653878,216,INTERVIEWED
1435663608,216,GIVEN_OFFER
1407005261,217,APPLIED
1407013403,217,SCREENED
1435488708,218,APPLIED
1446127422,219,APPLIED
1446132827,219,SCREENED
1446140336,219,INTERVIEWED
1465688427,220,APPLIED
1423130037,221,APPLIED
1423134230,221,SCREENED
1423141944,221,INTERVIEWED
1477298879,222,APPLIED
1451096059,223,APPLIED
1451098442,223,SCREENED
1451102387,223,REJECTED_1
1433270704,224,APPLIED
1420206169,225,APPLIED
1420214832,225,SCREENED
1420218347,225,INTERVIEWED
1420224069,225,GIVEN_OFFER
1454329103,226,APPLIED
1454331154,226,SCREENED
1460485305,227,APPLIED
1460491845,227,SCREENED
1460497082,227,REJECTED_1
1466410295,228,APPLIED
1466417465,228,SCREENED
1406701994,229,APPLIED
1406711752,229,SCREENED
1454549820,230,APPLIED
1408505287,231,APPLIED
1408508120,231,SCREENED
1405334357,232,APPLIED
1405339135,232,SCREENED
1405342139,232,INTERVIEWED
1405351282,232,REJECTED_2
1454323911,233,APPLIED
1436514328,234,APPLIED
1436519109,234,SCREENED
1436527327,234,INTERVIEWED
1436528907,234,REJECTED_2
1471796186,235,APPLIED
1471804733,235,SCREENED
1471812534,235,INTERVIEWED
1427192869,236,APPLIED
1427199278,236,SCREENED
1427207890,236,INTERVIEWED
1427213527,236,GIVEN_OFFER
1427220093,236,DECLINED
1478961733,237,APPLIED
1478967863,237,SCREENED
1478976800,237,INTERVIEWED
1478981338,237,GIVEN_OFFER
1478982434,237,DECLINED
1439672079,238,APPLIED
1460992568,239,APPLIED
1461001372,239,SCREENED
1461002400,239,INTERVIEWED
1447443229,240,APPLIED
1447449791,240,SCREENED
1447455210,240,INTERVIEWED
1447459068,240,GIVEN_OFFER
1447465473,240,DECLINED
1429376400,241,APPLIED
1429377835,241,SCREENED
1429384435,241,INTERVIEWED
1429392147,241,GIVEN_OFFER
1411836797,242,APPLIED
1411841895,242,SCREENED
1411850597,242,INTERVIEWED
1411856120,242,GIVEN_OFFER
1411864019,242,DECLINED
1463506446,243,APPLIED
1463509674,243,SCREENED
1463518124,243,REJECTED_1
1423797640,244,APPLIED
1423802191,244,SCREENED
1423808647,244,INTERVIEWED
1423816589,244,GIVEN_OFFER
1465246289,245,APPLIED
1465253912,245,SCREENED
1465262934,245,INTERVIEWED
1465268262,245,REJECTED_2
1477349001,246,APPLIED
1482162330,247,APPLIED
1482167054,247,SCREENED
1422644035,248,APPLIED
1422648299,248,SCREENED
1422651006,248,INTERVIEWED
1439937729,249,APPLIED
1439944663,249,SCREENED
1439949176,249,INTERVIEWED
1439956830,249,GIVEN_OFFER
1439962793,249,DECLINED
1436622572,250,APPLIED
1436627521,250,SCREENED
1436633196,250,INTERVIEWED
1436635578,250,GIVEN_OFFER
1441383613,251,APPLIED
1441387109,251,SCREENED
1441390305,251,REJECTED_1
1435940311,252,APPLIED
1435949167,252,SCREENED
1435951077,252,INTERVIEWED
1435959155,252,GIVEN_OFFER
1435963326,252,DECLINED
1411708040,253,APPLIED
1411711263,253,SCREENED
1411715687,253,INTERVIEWED
1411724537,253,GIVEN_OFFER
1478772354,254,APPLIED
1478778342,254,SCREENED
1450723645,255,APPLIED
1450725774,255,SCREENED
1450733001,255,REJECTED_1
1455435030,256,APPLIED
1455437215,256,SCREENED
1455442077,256,INTERVIEWED
1455451484,256,REJECTED_2
1415897895,257,APPLIED
1415899528,257,SCREENED
1415907601,257,INTERVIEWED
1415912489,257,GIVEN_OFFER
1415917414,257,HIRED
1425783276,258,APPLIED
1425788107,258,SCREENED
1425794907,258,INTERVIEWED
1465226838,259,APPLIED
1465231588,259,SCREENED
1465240850,259,REJECTED_1
1410351481,260,APPLIED
1410355611,260,SCREENED
1410359222,260,INTERVIEWED
1410360424,260,GIVEN_OFFER
1463015037,261,APPLIED
1463017794,261,SCREENED
1463025197,261,INTERVIEWED
1463033116,261,GIVEN_OFFER
1463037390,261,DECLINED
1437743619,262,APPLIED
1437751970,262,SCREENED
1437760287,262,INTERVIEWED
1437770083,262,REJECTED_2
1415864054,263,APPLIED
1415865761,263,SCREENED
1415875432,263,INTERVIEWED
1415884870,263,GIVEN_OFFER
1415891289,263,HIRED
1410568377,264,APPLIED
1410572328,264,SCREENED
1410581362,264,INTERVIEWED
1410585728,264,GIVEN_OFFER
1410595235,264,HIRED
1443801002,265,APPLIED
1443805908,265,SCREENED
1443813538,265,REJECTED_1
1438344746,266,APPLIED
1438353011,266,SCREENED
1438362535,266,INTERVIEWED
1438372045,266,GIVEN_OFFER
1473184269,267,APPLIED
1473191200,267,SCREENED
1473195987,267,INTERVIEWED
1473201863,267,GIVEN_OFFER
1473210549,267,HIRED
1472484059,268,APPLIED
1425501349,269,APPLIED
1425388907,270,APPLIED
1425396858,270,SCREENED
1425401054,270,INTERVIEWED
1425405478,270,REJECTED_2
1457161352,271,APPLIED
1457165168,271,SCREENED
1457168953,271,INTERVIEWED
1457177151,271,GIVEN_OFFER
1457184341,271,HIRED
1457815403,272,APPLIED
1457819764,272,SCREENED
1457826138,272,INTERVIEWED
1457832347,272,GIVEN_OFFER
1457841218,272,DECLINED
1474709583,273,APPLIED
1474714193,273,SCREENED
1474716339,273,INTERVIEWED
1453346785,274,APPLIED
1453348132,274,SCREENED
1453349453,274,INTERVIEWED
1453356640,274,GIVEN_OFFER
1453366068,274,HIRED
1418829232,275,APPLIED
1418833169,275,SCREENED
1476628701,276,APPLIED
1476636662,276,SCREENED
1417075307,277,APPLIED
1417084675,277,SCREENED
1417091466,277,INTERVIEWED
1435466444,278,APPLIED
1435470540,278,SCREENED
1435475434,278,INTERVIEWED
1409427394,279,APPLIED
1409437310,279,SCREENED
1409438842,279,INTERVIEWED
1409442996,279,GIVEN_OFFER
1409449013,279,HIRED
1452483535,280,APPLIED
1452491230,280,SCREENED
1452494543,280,INTERVIEWED
1452498719,280,GIVEN_OFFER
1417212199,281,APPLIED
1417220840,281,SCREENED
1417223886,281,INTERVIEWED
1451398304,282,APPLIED
1451404035,282,SCREENED
1460311484,283,APPLIED
1427796927,284,APPLIED
1427801100,284,SCREENED
1427809698,284,REJECTED_1
1454222632,285,APPLIED
1454229278,285,SCREENED
1408014497,286,APPLIED
1408022120,286,SCREENED
1408026309,286,INTERVIEWED
1408029280,286,REJECTED_2
1428909832,287,APPLIED
1428919237,287,SCREENED
1428926106,287,INTERVIEWED
1428927431,287,GIVEN_OFFER
1453608901,288,APPLIED
1453615546,288,SCREENED
1453623664,288,REJECTED_1
1466700050,289,APPLIED
1466703746,289,SCREENED
1466711658,289,INTERVIEWED
1408323371,290,APPLIED
1417151660,291,APPLIED
1417152662,291,SCREENED
1429347241,292,APPLIED
1429356022,292,SCREENED
1429365062,292,INTERVIEWED
1429370959,292,GIVEN_OFFER
1474608566,293,APPLIED
1474610810,293,SCREENED
1474617502,293,INTERVIEWED
1474620105,293,REJECTED_2
1405500729,294,APPLIED
1405505613,294,SCREENED
1405513947,294,INTERVIEWED
1405515426,294,GIVEN_OFFER
1405523361,294,DECLINED
1463323591,295,APPLIED
1463328313,295,SCREENED
1412985659,296,APPLIED
1426273402,297,APPLIED
1426275625,297,SCREENED
1426279281,297,INTERVIEWED
1426281980,297,GIVEN_OFFER
1457013092,298,APPLIED
1457019921,298,SCREENED
1457022997,298,REJECTED_1
1421839617,299,APPLIED
1421847223,299,SCREENED
1421854123,299,INTERVIEWED
1421855224,299,GIVEN_OFFER
1469192951,300,APPLIED
1469201625,300,SCREENED
1469210510,300,INTERVIEWED
1469215752,300,REJECTED_2
1478148762,301,APPLIED
1418288415,302,APPLIED
1418291131,302,SCREENED
1466420077,303,APPLIED
1467446473,304,APPLIED
1467449087,304,SCREENED
1467456238,304,INTERVIEWED
1467466060,304,GIVEN_OFFER
1415363439,305,APPLIED
1415372321,305,SCREENED
1415378471,305,INTERVIEWED
1415382664,305,GIVEN_OFFER
1415384997,305,DECLINED
1418121541,306,APPLIED
1418129175,306,SCREENED
1418131574,306,REJECTED_1
1449021845,307,APPLIED
1430624607,308,APPLIED
1430629678,308,SCREENED
1430638125,308,INTERVIEWED
1430647171,308,GIVEN_OFFER
1430654944,308,DECLINED
1471427213,309,APPLIED
1471435538,309,SCREENED
1471444808,309,INTERVIEWED
1471449225,309,GIVEN_OFFER
1413719465,310,APPLIED
1413726403,310,SCREENED
1419091897,311,APPLIED
1419093907,311,SCREENED
1419101075,311,REJECTED_1
1421460273,312,APPLIED
1421466403,312,SCREENED
1421467632,312,INTERVIEWED
1462999416,313,APPLIED
1463004530,313,SCREENED
1463006061,313,INTERVIEWED
1463013539,313,GIVEN_OFFER
1463019051,313,DECLINED
1480646511,314,APPLIED
1480654883,314,SCREENED
1480658756,314,INTERVIEWED
1428015040,315,APPLIED
1428016485,315,SCREENED
1428023698,315,INTERVIEWED
1428030391,315,GIVEN_OFFER
1442606397,316,APPLIED
1442612815,316,SCREENED
1442619704,316,INTERVIEWED
1442626271,316,GIVEN_OFFER
1442630655,316,DECLINED
1414147272,317,APPLIED
1414155891,317,SCREENED
1414163988,317,INTERVIEWED
1414169046,317,GIVEN_OFFER
1414170710,317,HIRED
1459972796,318,APPLIED
1459980573,318,SCREENED
1459982962,318,INTERVIEWED
1459992924,318,GIVEN_OFFER
1460001080,318,HIRED
1463225039,319,APPLIED
1463233891,319,SCREENED
1463235737,319,INTERVIEWED
1405085003,320,APPLIED
1405091528,320,SCREENED
1405096782,320,REJECTED_1
1467245795,321,APPLIED
1473130968,322,APPLIED
1473138732,322,SCREENED
1473145962,322,INTERVIEWED
1473149578,322,REJECTED_2
1476987838,323,APPLIED
1408625297,324,APPLIED
1408632549,324,SCREENED
1408642192,324,INTERVIEWED
1408644504,324,GIVEN_OFFER
1443683772,325,APPLIED
1443690708,325,SCREENED
1443697600,325,INTERVIEWED
1443704779,325,REJECTED_2
1451526375,326,APPLIED
1451534505,326,SCREENED
1451535994,326,INTERVIEWED
1451544008,326,REJECTED_2
1448534952,327,APPLIED
1448538147,327,SCREENED
1448539712,327,INTERVIEWED
1433497651,328,APPLIED
1433506860,328,SCREENED
1433513725,328,INTERVIEWED
1460942542,329,APPLIED
1477725744,330,APPLIED
1477729667,330,SCREENED
1477737230,330,INTERVIEWED
1477739612,330,GIVEN_OFFER
1422947283,331,APPLIED
1422949579,331,SCREENED
1422951333,331,INTERVIEWED
1422952850,331,REJECTED_2
1417685051,332,APPLIED
1417694949,332,SCREENED
1417698308,332,INTERVIEWED
1417705404,332,GIVEN_OFFER
1405002030,333,APPLIED
1405005903,333,SCREENED
1405009978,333,INTERVIEWED
1405014581,333,GIVEN_OFFER
1405019245,333,DECLINED
1449579538,334,APPLIED
1449585903,334,SCREENED
1449591662,334,REJECTED_1
1477468535,335,APPLIED
1477472368,335,SCREENED
1477481809,335,REJECTED_1
1418953529,336,APPLIED
1418954817,336,SCREENED
1418964307,336,INTERVIEWED
1457383038,337,APPLIED
1457385252,337,SCREENED
1457393917,337,INTERVIEWED
1469624699,338,APPLIED
1469626548,338,SCREENED
1469628833,338,INTERVIEWED
1469636864,338,REJECTED_2
1437298135,339,APPLIED
1437306202,339,SCREENED
1437310672,339,INTERVIEWED
1422949417,340,APPLIED
1422951796,340,SCREENED
1422959963,340,INTERVIEWED
1422962772,340,REJECTED_2
1418841768,341,APPLIED
1418848291,341,SCREENED
1418854246,341,INTERVIEWED
1442415399,342,APPLIED
1442420919,342,SCREENED
1442428560,342,INTERVIEWED
1442430767,342,GIVEN_OFFER
1459764427,343,APPLIED
1459774159,343,SCREENED
1459776520,343,REJECTED_1
1474275488,344,APPLIED
1474278441,344,SCREENED
1474282320,344,REJECTED_1
1408632825,345,APPLIED
1408642391,345,SCREENED
1408647766,345,REJECTED_1
1450868130,346,APPLIED
1450872098,346,SCREENED
1450874677,346,INTERVIEWED
1416562586,347,APPLIED
1416571865,347,SCREENED
1416576881,347,INTERVIEWED
1416582650,347,REJECTED_2
1446291445,348,APPLIED
1446297975,348,SCREENED
1446303318,348,INTERVIEWED
1467640919,349,APPLIED
1467649325,349,SCREENED
1467658016,349,INTERVIEWED
1467659640,349,REJECTED_2
1474059402,350,APPLIED
1474063386,350,SCREENED
1474068733,350,INTERVIEWED
1474070081,350,GIVEN_OFFER
1465531924,351,APPLIED
1465537776,351,SCREENED
1465542959,351,INTERVIEWED
1456677596,352,APPLIED
1456686049,352,SCREENED
1456690340,352,INTERVIEWED
1456693848,352,GIVEN_OFFER
1452991677,353,APPLIED
1452994863,353,SCREENED
1453003812,353,INTERVIEWED
1453005724,353,REJECTED_2
1476162944,354,APPLIED
1476164818,354,SCREENED
1476174294,354,REJECTED_1
1426784436,355,APPLIED
1426789622,355,SCREENED
1426799256,355,INTERVIEWED
1426800923,355,GIVEN_OFFER
1479088609,356,APPLIED
1479091432,356,SCREENED
1479101342,356,INTERVIEWED
1479105802,356,REJECTED_2
1417879376,357,APPLIED
1412007599,358,APPLIED
1412009794,358,SCREENED
1455497615,359,APPLIED
1455500683,359,SCREENED
1455503149,359,INTERVIEWED
1423156993,360,APPLIED
1423161311,360,SCREENED
1423170880,360,INTERVIEWED
1423178498,360,GIVEN_OFFER
1423186474,360,DECLINED
1408057680,361,APPLIED
1408062710,361,SCREENED
1408071374,361,INTERVIEWED
1408078225,361,REJECTED_2
1423258559,362,APPLIED
1423263436,362,SCREENED
1421911296,363,APPLIED
1421916804,363,SCREENED
1421921015,363,INTERVIEWED
1421926659,363,GIVEN_OFFER
1421928445,363,HIRED
1475372925,364,APPLIED
1455946842,365,APPLIED
1455947903,365,SCREENED
1455951411,365,REJECTED_1
1422096779,366,APPLIED
1422100018,366,SCREENED
1422101764,366,REJECTED_1
1459880015,367,APPLIED
1459887437,367,SCREENED
1459894409,367,INTERVIEWED
1454369776,368,APPLIED
1454374009,368,SCREENED
1454375316,368,INTERVIEWED
1454378954,368,GIVEN_OFFER
1454388756,368,DECLINED
1424428618,369,APPLIED
1424431786,369,SCREENED
1424438904,369,INTERVIEWED
1424441536,369,GIVEN_OFFER
1424448277,369,DECLINED
1438459188,370,APPLIED
1438468141,370,SCREENED
1438475249,370,INTERVIEWED
1438481170,370,REJECTED_2
1416829000,371,APPLIED
1416836704,371,SCREENED
1416839657,371,INTERVIEWED
1405751386,372,APPLIED
1405760664,372,SCREENED
1405769596,372,INTERVIEWED
1405771973,372,REJECTED_2
1475343623,373,APPLIED
1475349009,373,SCREENED
1475355927,373,INTERVIEWED
1475362356,373,GIVEN_OFFER
1475369682,373,HIRED
1449030795,374,APPLIED
1449034369,374,SCREENED
1449036108,374,INTERVIEWED
1449038912,374,GIVEN_OFFER
1449040891,374,HIRED
1450896710,375,APPLIED
1450898224,375,SCREENED
1450905373,375,INTERVIEWED
1450914758,375,GIVEN_OFFER
1450917562,375,HIRED
1463187594,376,APPLIED
1463196102,376,SCREENED
1463200034,376,INTERVIEWED
1463206824,376,GIVEN_OFFER
1427733146,377,APPLIED
1427742332,377,SCREENED
1439141660,378,APPLIED
1439148364,378,SCREENED
1439157267,378,INTERVIEWED
1439163676,378,GIVEN_OFFER
1439168546,378,HIRED
1466214290,379,APPLIED
1466221465,379,SCREENED
1466225432,379,INTERVIEWED
1429496328,380,APPLIED
1466026573,381,APPLIED
1466027956,381,SCREENED
1466031440,381,INTERVIEWED
1466039331,381,GIVEN_OFFER
1424146056,382,APPLIED
1424153899,382,SCREENED
1424163682,382,INTERVIEWED
1424165580,382,GIVEN_OFFER
1424169300,382,HIRED
1425995703,383,APPLIED
1426001129,383,SCREENED
1426008429,383,INTERVIEWED
1426013202,383,GIVEN_OFFER
1426021552,383,DECLINED
1442448921,384,APPLIED
1442452159,384,SCREENED
1442461201,384,INTERVIEWED
1442470929,384,GIVEN_OFFER
1442474848,384,DECLINED
1434323054,385,APPLIED
1448371724,386,APPLIED
1453632690,387,APPLIED
1453634091,387,SCREENED
1453637193,387,REJECTED_1
1434788792,388,APPLIED
1434795763,388,SCREENED
1434797257,388,INTERVIEWED
1434801808,388,GIVEN_OFFER
1434803134,388,HIRED
1472262090,389,APPLIED
1472268540,389,SCREENED
1431325300,390,APPLIED
1431326301,390,SCREENED
1431329409,390,INTERVIEWED
1431331186,390,GIVEN_OFFER
1467774336,391,APPLIED
1467779994,391,SCREENED
1467785547,391,INTERVIEWED
1433740127,392,APPLIED
1433747878,392,SCREENED
1433752359,392,INTERVIEWED
1433754300,392,GIVEN_OFFER
1433763901,392,DECLINED
1481318812,393,APPLIED
1481320243,393,SCREENED
1481324494,393,INTERVIEWED
1481333174,393,REJECTED_2
1458116508,394,APPLIED
1458118559,394,SCREENED
1458120379,394,INTERVIEWED
1458123326,394,GIVEN_OFFER
1458129663,394,DECLINED
1461313254,395,APPLIED
1461315235,395,SCREENED
1461324710,395,INTERVIEWED
1461328889,395,GIVEN_OFFER
1461331267,395,DECLINED
1451394054,396,APPLIED
1451401459,396,SCREENED
1451404019,396,INTERVIEWED
1464962459,397,APPLIED
1464965562,397,SCREENED
1464973658,397,INTERVIEWED
1464981096,397,GIVEN_OFFER
1423390855,398,APPLIED
1456716276,399,APPLIED
1448302811,400,APPLIED
1427596054,401,APPLIED
1427601465,401,SCREENED
1427609507,401,INTERVIEWED
1427617450,401,REJECTED_2
1415386218,402,APPLIED
1415389488,402,SCREENED
1415396972,402,INTERVIEWED
1415403572,402,REJECTED_2
1423406166,403,APPLIED
1423415713,403,SCREENED
1423423321,403,INTERVIEWED
1423425690,403,GIVEN_OFFER
1423427578,403,DECLINED
1408952811,404,APPLIED
1408962074,404,SCREENED
1463795068,405,APPLIED
1463798572,405,SCREENED
1463804516,405,INTERVIEWED
1463811582,405,GIVEN_OFFER
1463817054,405,HIRED
1422045779,406,APPLIED
1422051552,406,SCREENED
1422055234,406,INTERVIEWED
1422063810,406,GIVEN_OFFER
1482070562,407,APPLIED
1482073936,407,SCREENED
1482081610,407,REJECTED_1
1419011862,408,APPLIED
1419019788,408,SCREENED
1419029514,408,REJECTED_1
1438717388,409,APPLIED
1469751045,410,APPLIED
1469758082,410,SCREENED
1469759708,410,INTERVIEWED
1469762611,410,GIVEN_OFFER
1457921785,411,APPLIED
1457931312,411,SCREENED
1457937538,411,INTERVIEWED
1417837151,412,APPLIED
1417840061,412,SCREENED
1432171691,413,APPLIED
1432173215,413,SCREENED
1432174223,413,REJECTED_1
1442703648,414,APPLIED
1442710425,414,SCREENED
1442715467,414,INTERVIEWED
1442720340,414,GIVEN_OFFER
1442728394,414,DECLINED
1439849746,415,APPLIED
1439857345,415,SCREENED
1439864695,415,INTERVIEWED
1439874063,415,REJECTED_2
1439915380,416,APPLIED
1439920510,416,SCREENED
1439922201,416,INTERVIEWED
1439931310,416,GIVEN_OFFER
1431360373,417,APPLIED
1431367338,417,SCREENED
1423489934,418,APPLIED
1423496506,418,SCREENED
1423501255,418,INTERVIEWED
1412808281,419,APPLIED
1440505946,420,APPLIED
1406202357,421,APPLIED
1406209194,421,SCREENED
1406218503,421,INTERVIEWED
1406223869,421,GIVEN_OFFER
1406232830,421,HIRED
1475325510,422,APPLIED
1475327193,422,SCREENED
1411410096,423,APPLIED
1411414510,423,SCREENED
1426453086,424,APPLIED
1426457267,424,SCREENED
1426465032,424,INTERVIEWED
1426474414,424,REJECTED_2
1461822894,425,APPLIED
1461824496,425,SCREENED
1439165895,426,APPLIED
1439171272,426,SCREENED
1439175770,426,INTERVIEWED
1439180403,426,REJECTED_2
1453061019,427,APPLIED
1453070184,427,SCREENED
1453074155,427,REJECTED_1
1408625816,428,APPLIED
1408629689,428,SCREENED
1408632170,428,INTERVIEWED
1475522099,429,APPLIED
1475528918,429,SCREENED
1475532245,429,INTERVIEWED
1475541502,429,GIVEN_OFFER
1475547967,429,DECLINED
1413093316,430,APPLIED
1413095777,430,SCREENED
1413099639,430,INTERVIEWED
1413102367,430,GIVEN_OFFER
1419786579,431,APPLIED
1419791559,431,SCREENED
1419800990,431,INTERVIEWED
1443163053,432,APPLIED
1443172038,432,SCREENED
1443175461,432,INTERVIEWED
1464370225,433,APPLIED
1464377414,433,SCREENED
1464381716,433,INTERVIEWED
1464389971,433,GIVEN_OFFER
1464397420,433,DECLINED
1464623399,434,APPLIED
1442704407,435,APPLIED
1442710027,435,SCREENED
1442712691,435,INTERVIEWED
1442718345,435,GIVEN_OFFER
1473682704,436,APPLIED
1473691148,436,SCREENED
1473697967,436,INTERVIEWED
1473700800,436,REJECTED_2
1458373192,437,APPLIED
1458379687,437,SCREENED
1458389460,437,INTERVIEWED
1458393299,437,GIVEN_OFFER
1458400616,437,DECLINED
1417969405,438,APPLIED
1417973096,438,SCREENED
1417976696,438,INTERVIEWED
1417980538,438,GIVEN_OFFER
1417988859,438,DECLINED
1463189684,439,APPLIED
1463198980,439,SCREENED
1463201891,439,INTERVIEWED
1463204156,439,GIVEN_OFFER
1463207746,439,DECLINED
1440491955,440,APPLIED
1440499058,440,SCREENED
1477275395,441,APPLIED
1477284733,441,SCREENED
1477285992,441,INTERVIEWED
1477295391,441,GIVEN_OFFER
1458239808,442,APPLIED
1458249507,442,SCREENED
1458257408,442,INTERVIEWED
1458262595,442,REJECTED_2
1441807526,443,APPLIED
1441813589,443,SCREENED
1441823119,443,INTERVIEWED
1441824623,443,GIVEN_OFFER
1441829287,443,HIRED
1460244474,444,APPLIED
1460252973,444,SCREENED
1407321476,445,APPLIED
1424884584,446,APPLIED
1424887647,446,SCREENED
1424896700,446,INTERVIEWED
1424901374,446,GIVEN_OFFER
1424909936,446,DECLINED
1453270096,447,APPLIED
1453275710,447,SCREENED
1453281535,447,INTERVIEWED
1440271009,448,APPLIED
1440272077,448,SCREENED
1458265818,449,APPLIED
1458267635,449,SCREENED
1458271789,449,INTERVIEWED
1458280678,449,GIVEN_OFFER
1458145066,450,APPLIED
1458149434,450,SCREENED
1432449160,451,APPLIED
1457965188,452,APPLIED
1457966791,452,SCREENED
1457972149,452,INTERVIEWED
1457978568,452,GIVEN_OFFER
1442124124,453,APPLIED
1442125218,453,SCREENED
1442129723,453,INTERVIEWED
1442133870,453,REJECTED_2
1432426760,454,APPLIED
1432432111,454,SCREENED
1432437955,454,INTERVIEWED
1432447765,454,GIVEN_OFFER
1432456850,454,HIRED
1481787327,455,APPLIED
1481795049,455,SCREENED
1451513718,456,APPLIED
1477495921,457,APPLIED
1477501015,457,SCREENED
1477506627,457,INTERVIEWED
1477514051,457,REJECTED_2
1448250213,458,APPLIED
1409619120,459,APPLIED
1409620386,459,SCREENED
1409623210,459,INTERVIEWED
1409631375,459,GIVEN_OFFER
1443702864,460,APPLIED
1443703864,460,SCREENED
1443707483,460,INTERVIEWED
1443715605,460,GIVEN_OFFER
1443721024,460,HIRED
1449492452,461,APPLIED
1449502438,461,SCREENED
1449509599,461,INTERVIEWED
1449517724,461,GIVEN_OFFER
1453910738,462,APPLIED
1453911889,462,SCREENED
1453913607,462,INTERVIEWED
1453915569,462,GIVEN_OFFER
1453920232,462,DECLINED
1469523324,463,APPLIED
1469531390,463,SCREENED
1469532873,463,INTERVIEWED
1469538210,463,REJECTED_2
1417007378,464,APPLIED
1417009588,464,SCREENED
1417019077,464,REJECTED_1
1449889656,465,APPLIED
1449898209,465,SCREENED
1461276418,466,APPLIED
1461278795,466,SCREENED
1461279909,466,INTERVIEWED
1461285772,466,GIVEN_OFFER
1461290516,466,DECLINED
1442300560,467,APPLIED
1442303459,467,SCREENED
1442309294,467,REJECTED_1
1408050957,468,APPLIED
1408059392,468,SCREENED
1452525499,469,APPLIED
1452529235,469,SCREENED
1452534111,469,INTERVIEWED
1464049935,470,APPLIED
1464054668,470,SCREENED
1464061736,470,INTERVIEWED
1473069085,471,APPLIED
1473075586,471,SCREENED
1473078334,471,INTERVIEWED
1473085657,471,GIVEN_OFFER
1471846683,472,APPLIED
1413481188,473,APPLIED
1413485925,473,SCREENED
1413493585,473,REJECTED_1
1446247069,474,APPLIED
1446248128,474,SCREENED
1446254736,474,REJECTED_1
1457025445,475,APPLIED
1457027125,475,SCREENED
1457029086,475,INTERVIEWED
1457038857,475,GIVEN_OFFER
1457047431,475,DECLINED
1418640891,476,APPLIED
1418649697,476,SCREENED
1418651662,476,INTERVIEWED
1418653055,476,REJECTED_2
1461222372,477,APPLIED
1461225963,477,SCREENED
1461228898,477,INTERVIEWED
1461238169,477,GIVEN_OFFER
1461244744,477,HIRED
1473319219,478,APPLIED
1473321830,478,SCREENED
1473325909,478,INTERVIEWED
1473332872,478,GIVEN_OFFER
1473336807,478,HIRED
1436362655,479,APPLIED
1436369676,479,SCREENED
1436377636,479,INTERVIEWED
1436384369,479,GIVEN_OFFER
1436393564,479,HIRED
1416143396,480,APPLIED
1416152895,480,SCREENED
1416154553,480,INTERVIEWED
1416161509,480,REJECTED_2
1415138616,481,APPLIED
1415148033,481,SCREENED
1415149715,481,INTERVIEWED
1415151565,481,GIVEN_OFFER
1414393608,482,APPLIED
1414398459,482,SCREENED
1414401017,482,INTERVIEWED
1414403877,482,GIVEN_OFFER
1414406495,482,HIRED
1406046499,483,APPLIED
1406053191,483,SCREENED
1406061880,483,REJECTED_1
1418729141,484,APPLIED
1418731030,484,SCREENED
1418740971,484,INTERVIEWED
1418743836,484,GIVEN_OFFER
1418745003,484,DECLINED
1480129670,485,APPLIED
1480135994,485,SCREENED
1480138566,485,INTERVIEWED
1480141643,485,GIVEN_OFFER
1480150041,485,DECLINED
1481487713,486,APPLIED
1481496288,486,SCREENED
1481505059,486,REJECTED_1
1405569328,487,APPLIED
1405579056,487,SCREENED
1470182312,488,APPLIED
1470189178,488,SCREENED
1425796058,489,APPLIED
1425802173,489,SCREENED
1425811362,489,REJECTED_1
1458990436,490,APPLIED
1458993939,490,SCREENED
1458999958,490,INTERVIEWED
1470242982,491,APPLIED
1470244134,491,SCREENED
1470253934,491,INTERVIEWED
1470256873,491,GIVEN_OFFER
1475125629,492,APPLIED
1475134090,492,SCREENED
1459947134,493,APPLIED
1459955940,493,SCREENED
1459960905,493,INTERVIEWED
1419934813,494,APPLIED
1419940707,494,SCREENED
1419945213,494,INTERVIEWED
1419953780,494,GIVEN_OFFER
1419956086,494,DECLINED
1473133815,495,APPLIED
1473137138,495,SCREENED
1473140630,495,INTERVIEWED
1473143261,495,GIVEN_OFFER
1473151303,495,DECLINED
1468726084,496,APPLIED
1468730942,496,SCREENED
1468738418,496,INTERVIEWED
1468741190,496,GIVEN_OFFER
1468750224,496,HIRED
1479964801,497,APPLIED
1479973498,497,SCREENED
1450340190,498,APPLIED
1450346406,498,SCREENED
1450351971,498,INTERVIEWED
1450361231,498,REJECTED_2
1422207846,499,APPLIED
1422217083,499,SCREENED
1422223574,499,INTERVIEWED
1422226214,499,REJECTED_2
1435489701,500,APPLIED
1435493083,500,SCREENED
1435498017,500,INTERVIEWED
1435505083,500,GIVEN_OFFER
1435510741,500,HIRED
1433900650,501,APPLIED
1433910033,501,SCREENED
1433919395,501,INTERVIEWED
1433925793,501,GIVEN_OFFER
1433928295,501,DECLINED
1415419228,502,APPLIED
1415421249,502,SCREENED
1415428251,502,INTERVIEWED
1415435279,502,GIVEN_OFFER
1464245165,503,APPLIED
1464246175,503,SCREENED
1464251778,503,INTERVIEWED
1464261216,503,REJECTED_2
1454619581,504,APPLIED
1451376784,505,APPLIED
1451382601,505,SCREENED
1451390120,505,INTERVIEWED
1451391711,505,REJECTED_2
1441064167,506,APPLIED
1441070212,506,SCREENED
1441075942,506,INTERVIEWED
1441078876,506,GIVEN_OFFER
1472390975,507,APPLIED
1472394088,507,SCREENED
1472403811,507,INTERVIEWED
1472413500,507,GIVEN_OFFER
1472416957,507,HIRED
1445675641,508,APPLIED
1445676806,508,SCREENED
1445679316,508,INTERVIEWED
1445681037,508,GIVEN_OFFER
1445685616,508,DECLINED
1409112331,509,APPLIED
1409114519,509,SCREENED
1409124325,509,INTERVIEWED
1409130075,509,GIVEN_OFFER
1409135413,509,HIRED
1474194032,510,APPLIED
1474199966,510,SCREENED
1413373451,511,APPLIED
1413378465,511,SCREENED
1413386245,511,REJECTED_1
1410915744,512,APPLIED
1410919340,512,SCREENED
1423133681,513,APPLIED
1414408176,514,APPLIED
1414410106,514,SCREENED
1463961938,515,APPLIED
1463963386,515,SCREENED
1413484359,516,APPLIED
1413492811,516,SCREENED
1413496091,516,INTERVIEWED
1413497877,516,GIVEN_OFFER
1461931799,517,APPLIED
1461936687,517,SCREENED
1461942380,517,INTERVIEWED
1461946085,517,REJECTED_2
1448628613,518,APPLIED
1448632282,518,SCREENED
1476268943,519,APPLIED
1476273192,519,SCREENED
1476274254,519,INTERVIEWED
1476282384,519,GIVEN_OFFER
1476289192,519,DECLINED
1419573603,520,APPLIED
1419583118,520,SCREENED
1419585155,520,INTERVIEWED
1457556845,521,APPLIED
1457566211,521,SCREENED
1423834277,522,APPLIED
1423841522,522,SCREENED
1423845338,522,INTERVIEWED
1423852710,522,REJECTED_2
1459035371,523,APPLIED
1459041704,523,SCREENED
1459048177,523,INTERVIEWED
1459054261,523,GIVEN_OFFER
1431985223,524,APPLIED
1431994033,524,SCREENED
1431995746,524,REJECTED_1
1448252803,525,APPLIED
1478294384,526,APPLIED
1478296314,526,SCREENED
1478306193,526,REJECTED_1
1436972937,527,APPLIED
1436980860,527,SCREENED
1436988978,527,INTERVIEWED
1436995453,527,GIVEN_OFFER
1437003679,527,DECLINED
1453897977,528,APPLIED
1453901227,528,SCREENED
1453909489,528,INTERVIEWED
1453913241,528,GIVEN_OFFER
1453919054,528,DECLINED
1473531433,529,APPLIED
1473535641,529,SCREENED
1473539691,529,INTERVIEWED
1473548862,529,GIVEN_OFFER
1473552718,529,DECLINED
1465079019,530,APPLIED
1465085077,530,SCREENED
1451980137,531,APPLIED
1451986028,531,SCREENED
1451987684,531,REJECTED_1
1479893215,532,APPLIED
1479897061,532,SCREENED
1479906655,532,INTERVIEWED
1479910168,532,GIVEN_OFFER
1479916797,532,HIRED
1444475873,533,APPLIED
1444482668,533,SCREENED
1444487942,533,INTERVIEWED
1444492319,533,REJECTED_2
1474638106,534,APPLIED
1474646531,534,SCREENED
1474652020,534,INTERVIEWED
1474661487,534,GIVEN_OFFER
1474670968,534,HIRED
1462801431,535,APPLIED
1462803474,535,SCREENED
1462808616,535,INTERVIEWED
1462813875,535,GIVEN_OFFER
1424896759,536,APPLIED
1424903732,536,SCREENED
1481848873,537,APPLIED
1481858368,537,SCREENED
1478179425,538,APPLIED
1478184428,538,SCREENED
1478187625,538,INTERVIEWED
1478195334,538,GIVEN_OFFER
1432035221,539,APPLIED
1432043777,539,SCREENED
1432050585,539,INTERVIEWED
1432053538,539,REJECTED_2
1445646711,540,APPLIED
1445649030,540,SCREENED
1445658436,540,INTERVIEWED
1445665526,540,GIVEN_OFFER
1445670766,540,HIRED
1450408337,541,APPLIED
1450417696,541,SCREENED
1450426348,541,INTERVIEWED
1450430376,541,GIVEN_OFFER
1450436515,541,DECLINED
1415459108,542,APPLIED
1415465724,542,SCREENED
1415472589,542,REJECTED_1
1439527381,543,APPLIED
1439531324,543,SCREENED
1415939495,544,APPLIED
1415944084,544,SCREENED
1415953789,544,INTERVIEWED
1415956154,544,REJECTED_2
1474306273,545,APPLIED
1474313115,545,SCREENED
1474316847,545,INTERVIEWED
1473466167,546,APPLIED
1459693926,547,APPLIED
1411172832,548,APPLIED
1411180803,548,SCREENED
1411185099,548,INTERVIEWED
1418347082,549,APPLIED
1418354218,549,SCREENED
1478107573,550,APPLIED
1439910045,551,APPLIED
1427138118,552,APPLIED
1427143482,552,SCREENED
1427144557,552,INTERVIEWED
1461540577,553,APPLIED
1461547856,553,SCREENED
1461551571,553,INTERVIEWED
1461553246,553,GIVEN_OFFER
1455756825,554,APPLIED
1455765697,554,SCREENED
1455768180,554,REJECTED_1
1445150349,555,APPLIED
1422384166,556,APPLIED
1422392343,556,SCREENED
1422400226,556,INTERVIEWED
1422408179,556,GIVEN_OFFER
1461578761,557,APPLIED
1461586795,557,SCREENED
1461590955,557,INTERVIEWED
1461598943,557,REJECTED_2
1477602922,558,APPLIED
1477608549,558,SCREENED
1477615724,558,INTERVIEWED
1477618786,558,GIVEN_OFFER
1477622355,558,HIRED
1454339347,559,APPLIED
1454342977,559,SCREENED
1426834744,560,APPLIED
1426838268,560,SCREENED
1426845222,560,INTERVIEWED
1426850362,560,GIVEN_OFFER
1426854511,560,HIRED
1475245683,561,APPLIED
1475255565,561,SCREENED
1475260764,561,INTERVIEWED
1475267799,561,GIVEN_OFFER
1475272005,561,DECLINED
1458719529,562,APPLIED
1474727430,563,APPLIED
1474734186,563,SCREENED
1474742776,563,INTERVIEWED
1474745417,563,REJECTED_2
1438552059,564,APPLIED
1458818749,565,APPLIED
1458825896,565,SCREENED
1458835301,565,INTERVIEWED
1458836738,565,GIVEN_OFFER
1428642968,566,APPLIED
1425907836,567,APPLIED
1425916242,567,SCREENED
1425921979,567,REJECTED_1
1430687350,568,APPLIED
1430693505,568,SCREENED
1430702096,568,REJECTED_1
1470266840,569,APPLIED
1470272066,569,SCREENED
1470278743,569,INTERVIEWED
1470284492,569,REJECTED_2
1442663129,570,APPLIED
1442667470,570,SCREENED
1442670001,570,INTERVIEWED
1442673966,570,GIVEN_OFFER
1459453240,571,APPLIED
1468199928,572,APPLIED
1468207093,572,SCREENED
1468215921,572,REJECTED_1
1436782650,573,APPLIED
1452575516,574,APPLIED
1452579959,574,SCREENED
1452581877,574,INTERVIEWED
1452591323,574,REJECTED_2
1424125012,575,APPLIED
1424133247,575,SCREENED
1424138447,575,INTERVIEWED
1424141702,575,GIVEN_OFFER
1424149215,575,HIRED
1419133133,576,APPLIED
1419139468,576,SCREENED
1419145734,576,REJECTED_1
1410343599,577,APPLIED
1410346917,577,SCREENED
1410355980,577,INTERVIEWED
1410357391,577,GIVEN_OFFER
1440795235,578,APPLIED
1440800861,578,SCREENED
1440806856,578,INTERVIEWED
1440808366,578,REJECTED_2
1457114617,579,APPLIED
1457119122,579,SCREENED
1457122690,579,INTERVIEWED
1457125675,579,GIVEN_OFFER
1414266914,580,APPLIED
1414270362,580,SCREENED
1414277537,580,INTERVIEWED
1414279993,580,REJECTED_2
1407394646,581,APPLIED
1407396556,581,SCREENED
1407405054,581,INTERVIEWED
1407406135,581,GIVEN_OFFER
1407408292,581,DECLINED
1433096940,582,APPLIED
1433099628,582,SCREENED
1435954147,583,APPLIED
1412188317,584,APPLIED
1412189490,584,SCREENED
1412190592,584,INTERVIEWED
1412196665,584,REJECTED_2
1438086227,585,APPLIED
1438091961,585,SCREENED
1438094503,585,INTERVIEWED
1438100654,585,GIVEN_OFFER
1438108543,585,HIRED
1414282287,586,APPLIED
1414289258,586,SCREENED
1414292143,586,INTERVIEWED
1414294283,586,REJECTED_2
1469640976,587,APPLIED
1469650313,587,SCREENED
1469658700,587,INTERVIEWED
1469665451,587,GIVEN_OFFER
1438178539,588,APPLIED
1438185270,588,SCREENED
1438194188,588,INTERVIEWED
1438196651,588,REJECTED_2
1419741977,589,APPLIED
1419743391,589,SCREENED
1419752126,589,INTERVIEWED
1419756635,589,GIVEN_OFFER
1419762197,589,HIRED
1455248329,590,APPLIED
1455253107,590,SCREENED
1455258050,590,INTERVIEWED
1455266193,590,GIVEN_OFFER
1455272707,590,HIRED
1448403598,591,APPLIED
1479912036,592,APPLIED
1479919798,592,SCREENED
1479921665,592,INTERVIEWED
1458556405,593,APPLIED
1458563892,593,SCREENED
1458570540,593,INTERVIEWED
1458574010,593,GIVEN_OFFER
1458578286,593,DECLINED
1422295290,594,APPLIED
1422301520,594,SCREENED
1422304025,594,INTERVIEWED
1422311846,594,GIVEN_OFFER
1422317060,594,HIRED
1474881127,595,APPLIED
1474890197,595,SCREENED
1474896306,595,INTERVIEWED
1474906306,595,GIVEN_OFFER
1474907656,595,HIRED
1473920698,596,APPLIED
1473925489,596,SCREENED
1413912460,597,APPLIED
1413917483,597,SCREENED
1413920485,597,INTERVIEWED
1413927843,597,GIVEN_OFFER
1413935975,597,HIRED
1481080211,598,APPLIED
1481087403,598,SCREENED
1481093740,598,INTERVIEWED
1481096611,598,GIVEN_OFFER
1481102800,598,DECLINED
1466349885,599,APPLIED
1466351586,599,SCREENED
1466357961,599,INTERVIEWED
1466361328,599,GIVEN_OFFER
1451103326,600,APPLIED
1451105952,600,SCREENED
1451108170,600,INTERVIEWED
1451109597,600,GIVEN_OFFER
1451117959,600,DECLINED
1469116754,601,APPLIED
1469125771,601,SCREENED
1469129037,601,INTERVIEWED
1469138204,601,GIVEN_OFFER
1466055384,602,APPLIED
1466063120,602,SCREENED
1466069369,602,INTERVIEWED
1436960231,603,APPLIED
1436965227,603,SCREENED
1436967977,603,INTERVIEWED
1479684513,604,APPLIED
1479694418,604,SCREENED
1479697972,604,REJECTED_1
1406250470,605,APPLIED
1406255402,605,SCREENED
1406258490,605,INTERVIEWED
1406266050,605,REJECTED_2
1482248577,606,APPLIED
1482250877,606,SCREENED
1482258579,606,INTERVIEWED
1482265717,606,REJECTED_2
1458864113,607,APPLIED
1458867281,607,SCREENED
1410987693,608,APPLIED
1410996953,608,SCREENED
1470087151,609,APPLIED
1470096070,609,SCREENED
1470098104,609,INTERVIEWED
1470107969,609,GIVEN_OFFER
1470109078,609,HIRED
1435221147,610,APPLIED
1405652143,611,APPLIED
1431047819,612,APPLIED
1431050924,612,SCREENED
1431057492,612,INTERVIEWED
1431059702,612,GIVEN_OFFER
1431067570,612,DECLINED
1431878607,613,APPLIED
1431881143,613,SCREENED
1431886712,613,INTERVIEWED
1431893755,613,GIVEN_OFFER
1431903420,613,HIRED
1474608367,614,APPLIED
1474617628,614,SCREENED
1474622393,614,REJECTED_1
1460646713,615,APPLIED
1460654635,615,SCREENED
1460657632,615,INTERVIEWED
1460661177,615,GIVEN_OFFER
1460662525,615,HIRED
1438554032,616,APPLIED
1438560245,616,SCREENED
1438561783,616,INTERVIEWED
1438565476,616,GIVEN_OFFER
1438569032,616,DECLINED
1406949745,617,APPLIED
1406954553,617,SCREENED
1406963112,617,INTERVIEWED
1406972648,617,GIVEN_OFFER
1406981459,617,HIRED
1460261618,618,APPLIED
1460266896,618,SCREENED
1460271172,618,INTERVIEWED
1460278851,618,GIVEN_OFFER
1460286546,618,DECLINED
1462435547,619,APPLIED
1462437577,619,SCREENED
1462445047,619,INTERVIEWED
1462454409,619,GIVEN_OFFER
1462457585,619,DECLINED
1411772276,620,APPLIED
1411779606,620,SCREENED
1411786534,620,INTERVIEWED
1460309394,621,APPLIED
1452273939,622,APPLIED
1452279547,622,SCREENED
1452288441,622,INTERVIEWED
1452289723,622,GIVEN_OFFER
1452296719,622,DECLINED
1461017393,623,APPLIED
1467761664,624,APPLIED
1426047953,625,APPLIED
1426055825,625,SCREENED
1426059135,625,INTERVIEWED
1426069059,625,GIVEN_OFFER
1426070707,625,DECLINED
1448512469,626,APPLIED
1448516585,626,SCREENED
1460179364,627,APPLIED
1460185937,627,SCREENED
1460193617,627,INTERVIEWED
1460198300,627,GIVEN_OFFER
1460204437,627,HIRED
1449328799,628,APPLIED
1449334095,628,SCREENED
1449340926,628,INTERVIEWED
1449342917,628,GIVEN_OFFER
1449352615,628,DECLINED
1421836320,629,APPLIED
1442770673,630,APPLIED
1442775613,630,SCREENED
1442782756,630,INTERVIEWED
1442787260,630,GIVEN_OFFER
1405896569,631,APPLIED
1405899527,631,SCREENED
1405908513,631,REJECTED_1
1455035021,632,APPLIED
1455039165,632,SCREENED
1455042107,632,INTERVIEWED
1455049927,632,GIVEN_OFFER
1455055641,632,HIRED
1428203443,633,APPLIED
1428211778,633,SCREENED
1428213076,633,INTERVIEWED
1428219772,633,GIVEN_OFFER
1428227381,633,DECLINED
1432378470,634,APPLIED
1436428384,635,APPLIED
1443290562,636,APPLIED
1427201163,637,APPLIED
1427211078,637,SCREENED
1427219864,637,INTERVIEWED
1406214435,638,APPLIED
1444512250,639,APPLIED
1444515510,639,SCREENED
1444524709,639,INTERVIEWED
1444526104,639,GIVEN_OFFER
1444535660,639,HIRED
1427102355,640,APPLIED
1427108297,640,SCREENED
1427117293,640,INTERVIEWED
1427127142,640,GIVEN_OFFER
1427129569,640,DECLINED
1473947074,641,APPLIED
1473954352,641,SCREENED
1473961487,641,INTERVIEWED
1473966228,641,GIVEN_OFFER
1473968098,641,HIRED
1415799047,642,APPLIED
1415807947,642,SCREENED
1454895394,643,APPLIED
1454901792,643,SCREENED
1454904208,643,INTERVIEWED
1454909151,643,GIVEN_OFFER
1454910951,643,HIRED
1457651915,644,APPLIED
1429585358,645,APPLIED
1429586532,645,SCREENED
1429595909,645,INTERVIEWED
1429599913,645,GIVEN_OFFER
1429601158,645,DECLINED
1416754806,646,APPLIED
1416764187,646,SCREENED
1429628658,647,APPLIED
1429629765,647,SCREENED
1429636757,647,INTERVIEWED
1429646451,647,REJECTED_2
1480928733,648,APPLIED
1480933464,648,SCREENED
1480935095,648,INTERVIEWED
1480942636,648,GIVEN_OFFER
1440308914,649,APPLIED
1440315875,649,SCREENED
1479676639,650,APPLIED
1479684600,650,SCREENED
1444341394,651,APPLIED
1444344508,651,SCREENED
1444353282,651,REJECTED_1
1444645624,652,APPLIED
1444648372,652,SCREENED
1444652561,652,INTERVIEWED
1444657962,652,GIVEN_OFFER
1448428534,653,APPLIED
1448438236,653,SCREENED
1406120783,654,APPLIED
1406123046,654,SCREENED
1406127376,654,INTERVIEWED
1406129440,654,GIVEN_OFFER
1406131682,654,HIRED
1435295761,655,APPLIED
1426820097,656,APPLIED
1426822639,656,SCREENED
1426830092,656,INTERVIEWED
1426834300,656,GIVEN_OFFER
1443954628,657,APPLIED
1443958784,657,SCREENED
1443964801,657,INTERVIEWED
1443972476,657,GIVEN_OFFER
1446393955,658,APPLIED
1446396123,658,SCREENED
1446397358,658,INTERVIEWED
1468218379,659,APPLIED
1468220426,659,SCREENED
1468227811,659,INTERVIEWED
1468235490,659,GIVEN_OFFER
1468241350,659,DECLINED
1475699586,660,APPLIED
1475707177,660,SCREENED
1475714237,660,REJECTED_1
1459616467,661,APPLIED
1459624333,661,SCREENED
1459627136,661,REJECTED_1
1421788970,662,APPLIED
1421794589,662,SCREENED
1458689267,663,APPLIED
1458695275,663,SCREENED
1458699237,663,REJECTED_1
1435976091,664,APPLIED
1447645540,665,APPLIED
1447651974,665,SCREENED
1447653429,665,INTERVIEWED
1447663218,665,GIVEN_OFFER
1447665470,665,DECLINED
1450520284,666,APPLIED
1450528846,666,SCREENED
1450532873,666,INTERVIEWED
1450541129,666,REJECTED_2
1434172504,667,APPLIED
1434173899,667,SCREENED
1434182617,667,INTERVIEWED
1434189348,667,GIVEN_OFFER
1434193692,667,DECLINED
1454289772,668,APPLIED
1454293886,668,SCREENED
1454299204,668,INTERVIEWED
1454304214,668,GIVEN_OFFER
1454311185,668,HIRED
1408734952,669,APPLIED
1408741603,669,SCREENED
1408751161,669,INTERVIEWED
1408760026,669,REJECTED_2
1447281227,670,APPLIED
1447282408,670,SCREENED
1447284269,670,INTERVIEWED
1447290771,670,REJECTED_2
1412131227,671,APPLIED
1412137974,671,SCREENED
1412142242,671,INTERVIEWED
1412152241,671,REJECTED_2
1416744819,672,APPLIED
1416751948,672,SCREENED
1416759269,672,INTERVIEWED
1416763334,672,REJECTED_2
1407607334,673,APPLIED
1407613541,673,SCREENED
1407622391,673,INTERVIEWED
1407631497,673,GIVEN_OFFER
1474439543,674,APPLIED
1474441462,674,SCREENED
1420356955,675,APPLIED
1420365436,675,SCREENED
1420370376,675,INTERVIEWED
1420377864,675,GIVEN_OFFER
1440218258,676,APPLIED
1440224954,676,SCREENED
1440233775,676,INTERVIEWED
1440240130,676,GIVEN_OFFER
1413771706,677,APPLIED
1406799205,678,APPLIED
1406803777,678,SCREENED
1406812483,678,INTERVIEWED
1406816647,678,GIVEN_OFFER
1406820458,678,HIRED
1427843751,679,APPLIED
1427850611,679,SCREENED
1427854719,679,INTERVIEWED
1427864542,679,GIVEN_OFFER
1427873309,679,DECLINED
1448971690,680,APPLIED
1448976011,680,SCREENED
1434130658,681,APPLIED
1434133969,681,SCREENED
1434135912,681,REJECTED_1
1462423779,682,APPLIED
1462427505,682,SCREENED
1462428636,682,INTERVIEWED
1462431813,682,GIVEN_OFFER
1462433107,682,HIRED
1459864923,683,APPLIED
1459867955,683,SCREENED
1459872926,683,INTERVIEWED
1475212293,684,APPLIED
1413741469,685,APPLIED
1413750725,685,SCREENED
1413755638,685,INTERVIEWED
1413758790,685,GIVEN_OFFER
1413766832,685,DECLINED
1413238229,686,APPLIED
1413244961,686,SCREENED
1413254675,686,INTERVIEWED
1413261426,686,GIVEN_OFFER
1413264751,686,HIRED
1472534834,687,APPLIED
1472542841,687,SCREENED
1423773524,688,APPLIED
1423780091,688,SCREENED
1423787904,688,INTERVIEWED
1423797401,688,REJECTED_2
1443222887,689,APPLIED
1443231773,689,SCREENED
1415523600,690,APPLIED
1415529333,690,SCREENED
1415534534,690,REJECTED_1
1415990254,691,APPLIED
1415999216,691,SCREENED
1416001324,691,INTERVIEWED
1416004348,691,GIVEN_OFFER
1439615437,692,APPLIED
1439616994,692,SCREENED
1439621107,692,INTERVIEWED
1439626727,692,GIVEN_OFFER
1439627822,692,HIRED
1471287401,693,APPLIED
1471290326,693,SCREENED
1471291616,693,REJECTED_1
1439455983,694,APPLIED
1427733713,695,APPLIED
1427743086,695,SCREENED
1427745845,695,INTERVIEWED
1427747109,695,REJECTED_2
1481086119,696,APPLIED
1481088535,696,SCREENED
1481091942,696,INTERVIEWED
1411264930,697,APPLIED
1411267778,697,SCREENED
1411276016,697,INTERVIEWED
1411277339,697,GIVEN_OFFER
1411287130,697,HIRED
1463072392,698,APPLIED
1463073763,698,SCREENED
1463078572,698,INTERVIEWED
1463081634,698,GIVEN_OFFER
1463090446,698,DECLINED
1420136271,699,APPLIED
1420139331,699,SCREENED
1420147585,699,INTERVIEWED
1420156902,699,REJECTED_2
1408536562,700,APPLIED
1408539885,700,SCREENED
1408547924,700,INTERVIEWED
1408552773,700,GIVEN_OFFER
1445535342,701,APPLIED
1445544664,701,SCREENED
1445552538,701,INTERVIEWED
1445557697,701,REJECTED_2
1437719451,702,APPLIED
1437720751,702,SCREENED
1437724640,702,INTERVIEWED
1437727698,702,GIVEN_OFFER
1437730376,702,HIRED
1455053924,703,APPLIED
1479844400,704,APPLIED
1479846299,704,SCREENED
1479854597,704,INTERVIEWED
1479861248,704,GIVEN_OFFER
1479869610,704,DECLINED
1474749435,705,APPLIED
1474755192,705,SCREENED
1474759873,705,INTERVIEWED
1424288611,706,APPLIED
1424295830,706,SCREENED
1424297092,706,INTERVIEWED
1424304972,706,GIVEN_OFFER
1424313352,706,HIRED
1445933263,707,APPLIED
1445935439,707,SCREENED
1445939852,707,INTERVIEWED
1445942359,707,GIVEN_OFFER
1441241265,708,APPLIED
1441243466,708,SCREENED
1441245287,708,REJECTED_1
1475882226,709,APPLIED
1475885135,709,SCREENED
1475893609,709,INTERVIEWED
1475895585,709,GIVEN_OFFER
1472086765,710,APPLIED
1472091137,710,SCREENED
1472094354,710,REJECTED_1
1440553772,711,APPLIED
1440558344,711,SCREENED
1440563498,711,INTERVIEWED
1451508161,712,APPLIED
1451513224,712,SCREENED
1451521490,712,INTERVIEWED
1451525605,712,GIVEN_OFFER
1451530818,712,HIRED
1414690002,713,APPLIED
1414695864,713,SCREENED
1414700822,713,INTERVIEWED
1421563618,714,APPLIED
1421571342,714,SCREENED
1481819229,715,APPLIED
1415424675,716,APPLIED
1415433598,716,SCREENED
1415435056,716,INTERVIEWED
1415442058,716,GIVEN_OFFER
1415450308,716,HIRED
1482156740,717,APPLIED
1482158168,717,SCREENED
1482161850,717,INTERVIEWED
1482170412,717,GIVEN_OFFER
1482179928,717,DECLINED
1426966855,718,APPLIED
1426974117,718,SCREENED
1426983792,718,INTERVIEWED
1426987247,718,GIVEN_OFFER
1478121949,719,APPLIED
1478128377,719,SCREENED
1478130074,719,REJECTED_1
1454552221,720,APPLIED
1408602277,721,APPLIED
1408611754,721,SCREENED
1408616994,721,INTERVIEWED
1442939099,722,APPLIED
1442943766,722,SCREENED
1442950878,722,INTERVIEWED
1442957353,722,GIVEN_OFFER
1456599760,723,APPLIED
1456601533,723,SCREENED
1456605984,723,INTERVIEWED
1456611399,723,GIVEN_OFFER
1456612509,723,DECLINED
1428728144,724,APPLIED
1428729855,724,SCREENED
1428733199,724,INTERVIEWED
1428735243,724,GIVEN_OFFER
1428745139,724,HIRED
1445986571,725,APPLIED
1447670533,726,APPLIED
1447675053,726,SCREENED
1447683828,726,INTERVIEWED
1447690856,726,GIVEN_OFFER
1447699236,726,DECLINED
1410017300,727,APPLIED
1450512993,728,APPLIED
1450515629,728,SCREENED
1411820623,729,APPLIED
1411827239,729,SCREENED
1411833659,729,INTERVIEWED
1411837865,729,GIVEN_OFFER
1411844286,729,DECLINED
1429237639,730,APPLIED
1429239456,730,SCREENED
1429248924,730,INTERVIEWED
1476577411,731,APPLIED
1476579234,731,SCREENED
1476586821,731,REJECTED_1
1429291228,732,APPLIED
1429300867,732,SCREENED
1429304781,732,INTERVIEWED
1429308152,732,GIVEN_OFFER
1429313098,732,HIRED
1432354466,733,APPLIED
1432359729,733,SCREENED
1425608162,734,APPLIED
1425611729,734,SCREENED
1425615437,734,INTERVIEWED
1425616950,734,REJECTED_2
1416177920,735,APPLIED
1416182725,735,SCREENED
1470026496,736,APPLIED
1470034122,736,SCREENED
1470039688,736,INTERVIEWED
1470049665,736,REJECTED_2
1436623357,737,APPLIED
1436627667,737,SCREENED
1436630482,737,REJECTED_1
1479439837,738,APPLIED
1479440871,738,SCREENED
1479449794,738,INTERVIEWED
1479458785,738,GIVEN_OFFER
1479460281,738,DECLINED
1423915115,739,APPLIED
1423918134,739,SCREENED
1423927943,739,REJECTED_1
1433303703,740,APPLIED
1433313209,740,SCREENED
1433321496,740,INTERVIEWED
1433326869,740,GIVEN_OFFER
1433335970,740,DECLINED
1455450091,741,APPLIED
1421876963,742,APPLIED
1421878120,742,SCREENED
1412840497,743,APPLIED
1412841530,743,SCREENED
1412846724,743,INTERVIEWED
1412855806,743,REJECTED_2
1413484746,744,APPLIED
1413490012,744,SCREENED
1413493128,744,INTERVIEWED
1413496409,744,REJECTED_2
1457035324,745,APPLIED
1457039261,745,SCREENED
1457047655,745,INTERVIEWED
1457049931,745,GIVEN_OFFER
1460854581,746,APPLIED
1460862788,746,SCREENED
1460868541,746,INTERVIEWED
1426943707,747,APPLIED
1437660358,748,APPLIED
1437669385,748,SCREENED
1437672677,748,INTERVIEWED
1437678655,748,GIVEN_OFFER
1437687738,748,DECLINED
1446635215,749,APPLIED
1446640585,749,SCREENED
1446649045,749,INTERVIEWED
1446657840,749,GIVEN_OFFER
1446661217,749,DECLINED
1440919792,750,APPLIED
1440927857,750,SCREENED
1440935051,750,INTERVIEWED
1464130345,751,APPLIED
1464137804,751,SCREENED
1464146314,751,INTERVIEWED
1464150193,751,GIVEN_OFFER
1478188195,752,APPLIED
1478196314,752,SCREENED
1478206007,752,REJECTED_1
1423600221,753,APPLIED
1423602576,753,SCREENED
1423607954,753,INTERVIEWED
1452033555,754,APPLIED
1452041085,754,SCREENED
1452042565,754,INTERVIEWED
1452046409,754,REJECTED_2
1426495365,755,APPLIED
1426499873,755,SCREENED
1426501454,755,INTERVIEWED
1426508282,755,REJECTED_2
1458612116,756,APPLIED
1480562171,757,APPLIED
1480570404,757,SCREENED
1480578422,757,INTERVIEWED
1480586737,757,GIVEN_OFFER
1439907653,758,APPLIED
1439911372,758,SCREENED
1439918867,758,INTERVIEWED
1439928811,758,GIVEN_OFFER
1439932858,758,HIRED
1429361682,759,APPLIED
1429364943,759,SCREENED
1429366934,759,INTERVIEWED
1429376259,759,REJECTED_2
1454881447,760,APPLIED
1408782031,761,APPLIED
1408790161,761,SCREENED
1408800057,761,INTERVIEWED
1408809220,761,REJECTED_2
1425141463,762,APPLIED
1425143326,762,SCREENED
1425145131,762,REJECTED_1
1449235209,763,APPLIED
1449238114,763,SCREENED
1449244843,763,INTERVIEWED
1449253196,763,GIVEN_OFFER
1449257730,763,DECLINED
1440051385,764,APPLIED
1440052739,764,SCREENED
1440053964,764,REJECTED_1
1450137166,765,APPLIED
1450138961,765,SCREENED
1439079513,766,APPLIED
1439087346,766,SCREENED
1439089759,766,INTERVIEWED
1439097856,766,GIVEN_OFFER
1439106280,766,DECLINED
1436899073,767,APPLIED
1436903077,767,SCREENED
1436907013,767,INTERVIEWED
1436913776,767,GIVEN_OFFER
1436917626,767,DECLINED
1440073589,768,APPLIED
1440075567,768,SCREENED
1440084456,768,INTERVIEWED
1440086933,768,GIVEN_OFFER
1440865082,769,APPLIED
1411458673,770,APPLIED
1411461854,770,SCREENED
1411465555,770,INTERVIEWED
1411473939,770,GIVEN_OFFER
1411477547,770,DECLINED
1469143608,771,APPLIED
1469152290,771,SCREENED
1469157173,771,REJECTED_1
1429047692,772,APPLIED
1429052441,772,SCREENED
1429056240,772,INTERVIEWED
1429060351,772,GIVEN_OFFER
1429067783,772,HIRED
1480412758,773,APPLIED
1480418416,773,SCREENED
1480420085,773,INTERVIEWED
1480428255,773,GIVEN_OFFER
1415907553,774,APPLIED
1415911166,774,SCREENED
1415913947,774,INTERVIEWED
1415916115,774,GIVEN_OFFER
1415917255,774,HIRED
1413293439,775,APPLIED
1413302357,775,SCREENED
1413306348,775,REJECTED_1
1440536512,776,APPLIED
1440541086,776,SCREENED
1440548968,776,INTERVIEWED
1440556927,776,GIVEN_OFFER
1412902835,777,APPLIED
1412907436,777,SCREENED
1473635186,778,APPLIED
1473642278,778,SCREENED
1473644761,778,INTERVIEWED
1473647490,778,GIVEN_OFFER
1473649498,778,DECLINED
1442524140,779,APPLIED
1442527940,779,SCREENED
1434585460,780,APPLIED
1475422826,781,APPLIED
1475424708,781,SCREENED
1475426501,781,REJECTED_1
1476087151,782,APPLIED
1476091570,782,SCREENED
1476098648,782,INTERVIEWED
1476105979,782,GIVEN_OFFER
1472914414,783,APPLIED
1472923709,783,SCREENED
1472928816,783,INTERVIEWED
1472938301,783,GIVEN_OFFER
1472944759,783,HIRED
1413823596,784,APPLIED
1480781188,785,APPLIED
1482333311,786,APPLIED
1482340637,786,SCREENED
1482342031,786,INTERVIEWED
1451663890,787,APPLIED
1451670019,787,SCREENED
1439116292,788,APPLIED
1439124449,788,SCREENED
1437165388,789,APPLIED
1437169510,789,SCREENED
1437175855,789,INTERVIEWED
1475531464,790,APPLIED
1475533472,790,SCREENED
1475536015,790,INTERVIEWED
1475538147,790,GIVEN_OFFER
1475546167,790,HIRED
1456698426,791,APPLIED
1456700580,791,SCREENED
1456709936,791,INTERVIEWED
1456711142,791,GIVEN_OFFER
1450800704,792,APPLIED
1450804685,792,SCREENED
1450808859,792,INTERVIEWED
1450814076,792,GIVEN_OFFER
1450817796,792,HIRED
1452658426,793,APPLIED
1452661583,793,SCREENED
1452670898,793,INTERVIEWED
1452679364,793,GIVEN_OFFER
1452682270,793,HIRED
1443889606,794,APPLIED
1443892839,794,SCREENED
1412220522,795,APPLIED
1412228957,795,SCREENED
1412232695,795,INTERVIEWED
1412235842,795,REJECTED_2
1459588627,796,APPLIED
1459595486,796,SCREENED
1459597316,796,INTERVIEWED
1459605440,796,GIVEN_OFFER
1459610253,796,DECLINED
1443511937,797,APPLIED
1443519344,797,SCREENED
1443522299,797,INTERVIEWED
1413304661,798,APPLIED
1413310797,798,SCREENED
1413318467,798,INTERVIEWED
1413321110,798,REJECTED_2
1435141918,799,APPLIED
1435147555,799,SCREENED
1435151661,799,INTERVIEWED
1435154963,799,GIVEN_OFFER
1417547106,800,APPLIED
1417555594,800,SCREENED
1417558481,800,INTERVIEWED
1417565158,800,REJECTED_2
1445659641,801,APPLIED
1445663270,801,SCREENED
1445666033,801,INTERVIEWED
1445671247,801,REJECTED_2
1438470050,802,APPLIED
1438475719,802,SCREENED
1438481027,802,INTERVIEWED
1438490497,802,GIVEN_OFFER
1438495202,802,DECLINED
1416404615,803,APPLIED
1432832517,804,APPLIED
1432842114,804,SCREENED
1432845541,804,INTERVIEWED
1426339982,805,APPLIED
1426342859,805,SCREENED
1426352194,805,INTERVIEWED
1429124887,806,APPLIED
1429126511,806,SCREENED
1429129215,806,INTERVIEWED
1429135823,806,GIVEN_OFFER
1429142273,806,HIRED
1452362459,807,APPLIED
1450008888,808,APPLIED
1450018288,808,SCREENED
1450021169,808,REJECTED_1
1430961439,809,APPLIED
1430968002,809,SCREENED
1430973347,809,INTERVIEWED
1407533290,810,APPLIED
1407538189,810,SCREENED
1407544476,810,INTERVIEWED
1407552739,810,GIVEN_OFFER
1423010635,811,APPLIED
1423016820,811,SCREENED
1423020276,811,INTERVIEWED
1409211560,812,APPLIED
1476200865,813,APPLIED
1476205009,813,SCREENED
1476208231,813,INTERVIEWED
1476212395,813,GIVEN_OFFER
1476214871,813,DECLINED
1458461844,814,APPLIED
1458469358,814,SCREENED
1458476063,814,INTERVIEWED
1409882324,815,APPLIED
1409884959,815,SCREENED
1409892908,815,INTERVIEWED
1409902460,815,GIVEN_OFFER
1412662060,816,APPLIED
1412666412,816,SCREENED
1412676369,816,INTERVIEWED
1413680414,817,APPLIED
1413684376,817,SCREENED
1413692097,817,INTERVIEWED
1413698879,817,GIVEN_OFFER
1413700604,817,HIRED
1461952387,818,APPLIED
1408647930,819,APPLIED
1408649979,819,SCREENED
1408655132,819,REJECTED_1
1415201723,820,APPLIED
1427082230,821,APPLIED
1465714182,822,APPLIED
1465721917,822,SCREENED
1465729049,822,INTERVIEWED
1439602516,823,APPLIED
1439603977,823,SCREENED
1439611750,823,REJECTED_1
1433790038,824,APPLIED
1433799074,824,SCREENED
1433805217,824,INTERVIEWED
1458801208,825,APPLIED
1458804903,825,SCREENED
1458806495,825,INTERVIEWED
1404969464,826,APPLIED
1404977006,826,SCREENED
1404985735,826,INTERVIEWED
1437814838,827,APPLIED
1437816622,827,SCREENED
1437819500,827,INTERVIEWED
1437827186,827,REJECTED_2
1435555275,828,APPLIED
1435562442,828,SCREENED
1435569981,828,INTERVIEWED
1435575216,828,GIVEN_OFFER
1435580865,828,DECLINED
1444346113,829,APPLIED
1444351516,829,SCREENED
1444355616,829,INTERVIEWED
1444362988,829,GIVEN_OFFER
1444370551,829,DECLINED
1473933023,830,APPLIED
1473938310,830,SCREENED
1453879155,831,APPLIED
1453880217,831,SCREENED
1453887984,831,INTERVIEWED
1453895948,831,GIVEN_OFFER
1453900103,831,DECLINED
1437832204,832,APPLIED
1437835496,832,SCREENED
1437840568,832,INTERVIEWED
1437844405,832,GIVEN_OFFER
1437851760,832,DECLINED
1478174162,833,APPLIED
1478184077,833,SCREENED
1478189012,833,INTERVIEWED
1478195704,833,GIVEN_OFFER
1478198138,833,HIRED
1464194584,834,APPLIED
1464202757,834,SCREENED
1464205953,834,REJECTED_1
1476390507,835,APPLIED
1476398022,835,SCREENED
1476405123,835,INTERVIEWED
1476406631,835,GIVEN_OFFER
1476411985,835,DECLINED
1416496411,836,APPLIED
1416505940,836,SCREENED
1416509554,836,INTERVIEWED
1416513738,836,GIVEN_OFFER
1418224420,837,APPLIED
1418228835,837,SCREENED
1418237044,837,INTERVIEWED
1434658557,838,APPLIED
1434668491,838,SCREENED
1434670868,838,INTERVIEWED
1434676606,838,GIVEN_OFFER
1434682257,838,DECLINED
1441800981,839,APPLIED
1441803203,839,SCREENED
1441809911,839,INTERVIEWED
1447971229,840,APPLIED
1447973202,840,SCREENED
1447979309,840,INTERVIEWED
1447986689,840,GIVEN_OFFER
1447989752,840,DECLINED
1461881889,841,APPLIED
1461890248,841,SCREENED
1461891504,841,INTERVIEWED
1461899822,841,REJECTED_2
1469410754,842,APPLIED
1412539209,843,APPLIED
1480728682,844,APPLIED
1456638023,845,APPLIED
1450164148,846,APPLIED
1450170726,846,SCREENED
1450173968,846,INTERVIEWED
1450175402,846,GIVEN_OFFER
1450182765,846,HIRED
1447677259,847,APPLIED
1447679888,847,SCREENED
1481435151,848,APPLIED
1481437945,848,SCREENED
1481445998,848,INTERVIEWED
1481452168,848,GIVEN_OFFER
1481455091,848,HIRED
1446186962,849,APPLIED
1446196718,849,SCREENED
1446203466,849,INTERVIEWED
1446210026,849,GIVEN_OFFER
1446213587,849,DECLINED
1432010353,850,APPLIED
1432011652,850,SCREENED
1432021401,850,INTERVIEWED
1445550793,851,APPLIED
1445555451,851,SCREENED
1445557516,851,REJECTED_1
1467191977,852,APPLIED
1467195719,852,SCREENED
1467202132,852,INTERVIEWED
1467211527,852,GIVEN_OFFER
1467214461,852,DECLINED
1428074334,853,APPLIED
1424415118,854,APPLIED
1424420521,854,SCREENED
1424428666,854,INTERVIEWED
1472082840,855,APPLIED
1472089830,855,SCREENED
1472098254,855,INTERVIEWED
1472107783,855,GIVEN_OFFER
1472113392,855,DECLINED
1455297954,856,APPLIED
1459708842,857,APPLIED
1459713917,857,SCREENED
1459717251,857,REJECTED_1
1430661123,858,APPLIED
1430667884,858,SCREENED
1430671096,858,INTERVIEWED
1430672712,858,GIVEN_OFFER
1430682574,858,DECLINED
1472440934,859,APPLIED
1472447011,859,SCREENED
1472449870,859,INTERVIEWED
1472458807,859,GIVEN_OFFER
1459313642,860,APPLIED
1459318507,860,SCREENED
1459324313,860,INTERVIEWED
1459331664,860,GIVEN_OFFER
1459339798,860,DECLINED
1404957701,861,APPLIED
1404960625,861,SCREENED
1404967262,861,INTERVIEWED
1404973811,861,GIVEN_OFFER
1404982405,861,HIRED
1463277303,862,APPLIED
1463279549,862,SCREENED
1463284214,862,INTERVIEWED
1463288308,862,GIVEN_OFFER
1463117164,863,APPLIED
1453708551,864,APPLIED
1453716482,864,SCREENED
1453721062,864,INTERVIEWED
1453727757,864,GIVEN_OFFER
1453735314,864,DECLINED
1473326671,865,APPLIED
1473333971,865,SCREENED
1473340422,865,INTERVIEWED
1473347062,865,REJECTED_2
1415882849,866,APPLIED
1415890979,866,SCREENED
1416985067,867,APPLIED
1416992476,867,SCREENED
1417001976,867,INTERVIEWED
1441426389,868,APPLIED
1441433530,868,SCREENED
1441439842,868,INTERVIEWED
1441446101,868,REJECTED_2
1451048787,869,APPLIED
1451050452,869,SCREENED
1451058501,869,INTERVIEWED
1451060807,869,GIVEN_OFFER
1451063208,869,DECLINED
1448842253,870,APPLIED
1448846415,870,SCREENED
1448848362,870,INTERVIEWED
1448853356,870,GIVEN_OFFER
1448862098,870,DECLINED
1474889452,871,APPLIED
1474890851,871,SCREENED
1474900752,871,INTERVIEWED
1474907990,871,GIVEN_OFFER
1448022633,872,APPLIED
1448026797,872,SCREENED
1448035898,872,REJECTED_1
1451980635,873,APPLIED
1451984254,873,SCREENED
1451992517,873,INTERVIEWED
1451995010,873,GIVEN_OFFER
1451996590,873,DECLINED
1461687768,874,APPLIED
1461696266,874,SCREENED
1461701960,874,INTERVIEWED
1461706604,874,GIVEN_OFFER
1461716093,874,DECLINED
1440646963,875,APPLIED
1433254274,876,APPLIED
1433260779,876,SCREENED
1433263572,876,REJECTED_1
1435776550,877,APPLIED
1435779586,877,SCREENED
1435784041,877,INTERVIEWED
1435788929,877,GIVEN_OFFER
1435797986,877,HIRED
1432129407,878,APPLIED
1443329625,879,APPLIED
1443334093,879,SCREENED
1443337259,879,INTERVIEWED
1443346453,879,GIVEN_OFFER
1443350975,879,DECLINED
1482367705,880,APPLIED
1482370674,880,SCREENED
1482373640,880,INTERVIEWED
1482376246,880,GIVEN_OFFER
1482380037,880,DECLINED
1416994754,881,APPLIED
1416997169,881,SCREENED
1417003270,881,INTERVIEWED
1417005883,881,GIVEN_OFFER
1417009086,881,DECLINED
1468945849,882,APPLIED
1437697459,883,APPLIED
1437699517,883,SCREENED
1437701089,883,INTERVIEWED
1437710062,883,GIVEN_OFFER
1437715990,883,DECLINED
1429981421,884,APPLIED
1429984662,884,SCREENED
1429991410,884,INTERVIEWED
1458051153,885,APPLIED
1458055685,885,SCREENED
1428534780,886,APPLIED
1428539491,886,SCREENED
1428546454,886,REJECTED_1
1440392663,887,APPLIED
1440401129,887,SCREENED
1474447183,888,APPLIED
1474453335,888,SCREENED
1425451729,889,APPLIED
1425456093,889,SCREENED
1409614553,890,APPLIED
1409616473,890,SCREENED
1409619702,890,REJECTED_1
1477166947,891,APPLIED
1477174630,891,SCREENED
1477178611,891,INTERVIEWED
1477181349,891,GIVEN_OFFER
1477188602,891,DECLINED
1418345278,892,APPLIED
1456066808,893,APPLIED
1456069937,893,SCREENED
1456079312,893,INTERVIEWED
1456089008,893,REJECTED_2
1459112223,894,APPLIED
1459119687,894,SCREENED
1459123075,894,INTERVIEWED
1459127221,894,GIVEN_OFFER
1441787258,895,APPLIED
1449194791,896,APPLIED
1450400873,897,APPLIED
1450409322,897,SCREENED
1450415166,897,INTERVIEWED
1450420787,897,REJECTED_2
1435460632,898,APPLIED
1435465012,898,SCREENED
1435468974,898,INTERVIEWED
1435478517,898,GIVEN_OFFER
1435486324,898,HIRED
1426524237,899,APPLIED
1419332747,900,APPLIED
1453459345,901,APPLIED
1453462592,901,SCREENED
1472352707,902,APPLIED
1472360832,902,SCREENED
1472367907,902,INTERVIEWED
1472371351,902,GIVEN_OFFER
1472376692,902,HIRED
1462352902,903,APPLIED
1462355655,903,SCREENED
1462363941,903,REJECTED_1
1459328675,904,APPLIED
1459334790,904,SCREENED
1459342667,904,INTERVIEWED
1459346425,904,REJECTED_2
1412417763,905,APPLIED
1412422914,905,SCREENED
1412432007,905,INTERVIEWED
1412435719,905,REJECTED_2
1478441160,906,APPLIED
1478445838,906,SCREENED
1429552394,907,APPLIED
1429555370,907,SCREENED
1429562547,907,INTERVIEWED
1429565919,907,GIVEN_OFFER
1411283802,908,APPLIED
1411290488,908,SCREENED
1411299591,908,INTERVIEWED
1411307809,908,GIVEN_OFFER
1411315049,908,DECLINED
1481290412,909,APPLIED
1481295331,909,SCREENED
1481302761,909,INTERVIEWED
1481305858,909,REJECTED_2
1455890426,910,APPLIED
1455898043,910,SCREENED
1455903110,910,INTERVIEWED
1446566873,911,APPLIED
1446575887,911,SCREENED
1446584908,911,INTERVIEWED
1446590398,911,GIVEN_OFFER
1446595781,911,HIRED
1472521674,912,APPLIED
1472526551,912,SCREENED
1472532870,912,REJECTED_1
1462754768,913,APPLIED
1462763661,913,SCREENED
1462770932,913,INTERVIEWED
1462774189,913,GIVEN_OFFER
1462777496,913,DECLINED
1409401715,914,APPLIED
1409402999,914,SCREENED
1409409958,914,INTERVIEWED
1409412279,914,GIVEN_OFFER
1409417120,914,DECLINED
1415858441,915,APPLIED
1415861084,915,SCREENED
1415862538,915,INTERVIEWED
1415863864,915,REJECTED_2
1452884491,916,APPLIED
1452890054,916,SCREENED
1452898411,916,REJECTED_1
1466614385,917,APPLIED
1466620330,917,SCREENED
1466622504,917,INTERVIEWED
1466624687,917,GIVEN_OFFER
1408702962,918,APPLIED
1408705669,918,SCREENED
1408710111,918,INTERVIEWED
1408718096,918,GIVEN_OFFER
1425840021,919,APPLIED
1425842789,919,SCREENED
1425845585,919,INTERVIEWED
1425850331,919,GIVEN_OFFER
1425858911,919,DECLINED
1431446329,920,APPLIED
1467911068,921,APPLIED
1467912541,921,SCREENED
1467914217,921,INTERVIEWED
1467916335,921,GIVEN_OFFER
1467926294,921,HIRED
1420050982,922,APPLIED
1420054105,922,SCREENED
1420061718,922,INTERVIEWED
1420069284,922,REJECTED_2
1420584508,923,APPLIED
1420587276,923,SCREENED
1420591361,923,INTERVIEWED
1479985083,924,APPLIED
1479993117,924,SCREENED
1437123671,925,APPLIED
1437124950,925,SCREENED
1437132234,925,INTERVIEWED
1437140294,925,GIVEN_OFFER
1437149661,925,DECLINED
1454810883,926,APPLIED
1454815472,926,SCREENED
1454817810,926,INTERVIEWED
1454819926,926,REJECTED_2
1427944366,927,APPLIED
1427946975,927,SCREENED
1427950428,927,INTERVIEWED
1427953135,927,REJECTED_2
1435967455,928,APPLIED
1435972380,928,SCREENED
1435979684,928,INTERVIEWED
1466277094,929,APPLIED
1470189526,930,APPLIED
1470192642,930,SCREENED
1470194191,930,INTERVIEWED
1470202195,930,REJECTED_2
1447323901,931,APPLIED
1447328329,931,SCREENED
1447335806,931,INTERVIEWED
1447340639,931,GIVEN_OFFER
1447349631,931,HIRED
1478631493,932,APPLIED
1478641395,932,SCREENED
1478643725,932,INTERVIEWED
1478647951,932,GIVEN_OFFER
1480685387,933,APPLIED
1480686821,933,SCREENED
1480688848,933,INTERVIEWED
1480695604,933,GIVEN_OFFER
1448048102,934,APPLIED
1448052886,934,SCREENED
1448061741,934,INTERVIEWED
1448066082,934,GIVEN_OFFER
1448075663,934,DECLINED
1454862040,935,APPLIED
1454865665,935,SCREENED
1454874513,935,INTERVIEWED
1454880034,935,GIVEN_OFFER
1454885359,935,HIRED
1470491291,936,APPLIED
1470499856,936,SCREENED
1470503614,936,INTERVIEWED
1470508062,936,GIVEN_OFFER
1470511103,936,HIRED
1448158272,937,APPLIED
1448168111,937,SCREENED
1448171310,937,INTERVIEWED
1448174732,937,GIVEN_OFFER
1448184063,937,DECLINED
1448310961,938,APPLIED
1448313513,938,SCREENED
1448317439,938,REJECTED_1
1428059265,939,APPLIED
1428069008,939,SCREENED
1428073520,939,INTERVIEWED
1428077837,939,REJECTED_2
1423222618,940,APPLIED
1423225607,940,SCREENED
1423232322,940,INTERVIEWED
1475474269,941,APPLIED
1475481373,941,SCREENED
1414483890,942,APPLIED
1414487315,942,SCREENED
1423129121,943,APPLIED
1428913488,944,APPLIED
1428919908,944,SCREENED
1441180505,945,APPLIED
1441186712,945,SCREENED
1441194400,945,INTERVIEWED
1441196805,945,GIVEN_OFFER
1415036130,946,APPLIED
1415038894,946,SCREENED
1469381241,947,APPLIED
1469384488,947,SCREENED
1469392123,947,INTERVIEWED
1469400940,947,REJECTED_2
1454860701,948,APPLIED
1454863292,948,SCREENED
1454871779,948,INTERVIEWED
1454874275,948,REJECTED_2
1425143007,949,APPLIED
1425146404,949,SCREENED
1425155510,949,INTERVIEWED
1425158511,949,GIVEN_OFFER
1425167991,949,HIRED
1477570636,950,APPLIED
1477580175,950,SCREENED
1477585966,950,INTERVIEWED
1477587521,950,GIVEN_OFFER
1477595173,950,HIRED
1469752705,951,APPLIED
1469757867,951,SCREENED
1475161561,952,APPLIED
1475164959,952,SCREENED
1475171510,952,INTERVIEWED
1475178669,952,REJECTED_2
1423518151,953,APPLIED
1423527011,953,SCREENED
1480824553,954,APPLIED
1480832359,954,SCREENED
1480840429,954,REJECTED_1
1466260463,955,APPLIED
1466263855,955,SCREENED
1466272924,955,INTERVIEWED
1466280450,955,GIVEN_OFFER
1458962917,956,APPLIED
1472092239,957,APPLIED
1472101486,957,SCREENED
1469489952,958,APPLIED
1418796672,959,APPLIED
1421508163,960,APPLIED
1421510836,960,SCREENED
1421516332,960,INTERVIEWED
1453707705,961,APPLIED
1453712488,961,SCREENED
1444482947,962,APPLIED
1479838280,963,APPLIED
1449280972,964,APPLIED
1449282167,964,SCREENED
1449289199,964,INTERVIEWED
1449294761,964,REJECTED_2
1415877802,965,APPLIED
1415885137,965,SCREENED
1415889400,965,INTERVIEWED
1415892968,965,GIVEN_OFFER
1415894228,965,DECLINED
1433177685,966,APPLIED
1454394885,967,APPLIED
1454402018,967,SCREENED
1454406269,967,INTERVIEWED
1436197340,968,APPLIED
1436199073,968,SCREENED
1436204342,968,INTERVIEWED
1447024340,969,APPLIED
1447028125,969,SCREENED
1447029910,969,INTERVIEWED
1447036979,969,GIVEN_OFFER
1480657416,970,APPLIED
1480664483,970,SCREENED
1480673226,970,INTERVIEWED
1481598467,971,APPLIED
1481600790,971,SCREENED
1481607907,971,INTERVIEWED
1481616377,971,GIVEN_OFFER
1481625625,971,DECLINED
1470681286,972,APPLIED
1470686451,972,SCREENED
1470689196,972,REJECTED_1
1417056951,973,APPLIED
1417066702,973,SCREENED
1417068037,973,INTERVIEWED
1417077267,973,GIVEN_OFFER
1417080116,973,DECLINED
1408205278,974,APPLIED
1408214065,974,SCREENED
1408216117,974,REJECTED_1
1479799885,975,APPLIED
1479806825,975,SCREENED
1421128455,976,APPLIED
1452623630,977,APPLIED
1452629314,977,SCREENED
1418319866,978,APPLIED
1418322179,978,SCREENED
1418324236,978,INTERVIEWED
1418327823,978,GIVEN_OFFER
1418330981,978,DECLINED
1435834294,979,APPLIED
1435840775,979,SCREENED
1435841823,979,INTERVIEWED
1435848371,979,GIVEN_OFFER
1435857419,979,DECLINED
1475588959,980,APPLIED
1475591026,980,SCREENED
1474875994,981,APPLIED
1474885182,981,SCREENED
1474886971,981,INTERVIEWED
1474891473,981,GIVEN_OFFER
1474899384,981,HIRED
1446490351,982,APPLIED
1446498102,982,SCREENED
1446504152,982,INTERVIEWED
1446506406,982,GIVEN_OFFER
1472935035,983,APPLIED
1446530028,984,APPLIED
1470437772,985,APPLIED
1421101128,986,APPLIED
1421109999,986,SCREENED
1416207836,987,APPLIED
1416216815,987,SCREENED
1416218422,987,REJECTED_1
1467035240,988,APPLIED
1467038079,988,SCREENED
1467047204,988,INTERVIEWED
1447069932,989,APPLIED
1447074188,989,SCREENED
1447079334,989,INTERVIEWED
1447088982,989,GIVEN_OFFER
1447095230,989,DECLINED
1405490770,990,APPLIED
1405494367,990,SCREENED
1405503160,990,INTERVIEWED
1436751821,991,APPLIED
1436758084,991,SCREENED
1436766532,991,INTERVIEWED
1436776183,991,REJECTED_2
1448968809,992,APPLIED
1448975743,992,SCREENED
1448984241,992,INTERVIEWED
1448986314,992,REJECTED_2
1444665214,993,APPLIED
1423916901,994,APPLIED
1423926883,994,SCREENED
1423928564,994,REJECTED_1
1457105727,995,APPLIED
1457112817,995,SCREENED
1457122368,995,INTERVIEWED
1457129157,995,REJECTED_2
1420818068,996,APPLIED
1420825142,996,SCREENED
1449019958,997,APPLIED
1449027788,997,SCREENED
1449030922,997,INTERVIEWED
1449034810,997,REJECTED_2
1461079511,998,APPLIED
1461088562,998,SCREENED
1461097820,998,REJECTED_1
1412728026,999,APPLIED
1412729554,999,SCREENED
1412736170,999,INTERVIEWED
